,device,device_type,model_name,model_category,batch_size,num_inference_steps,precision,model_parameters,inference_time,device_to_host_time,host_to_device_time,avg_time,communication_time,gpu_utilization,gpu_mem_used,gpu_mem_total,gpu_temp,gpu_power,gpu_count,cuda_version,cudnn_version,cuda_device_name,max_gpu_mem_allocated,max_gpu_mem_reserved
0,cuda,cuda,efficientnet_b0,efficientnet,16.0,1024.0,bfloat16,5288548.0,0.0004625,6.25e-05,0.0,0.0084,6.25e-05,4.0,736.3333,40960.0,26.6667,35.2567,3.0,11.7,8500.0,"NVIDIA A100-PCIE-40GB
",407.27,742.0
1,cuda,cuda,efficientnet_b0,efficientnet,16.0,512.0,bfloat16,5288548.0,0.00053125,6.25e-05,0.0,0.0095,6.25e-05,5.3333,736.3333,40960.0,26.3333,35.2167,3.0,11.7,8500.0,"NVIDIA A100-PCIE-40GB
",407.27,742.0
2,cuda,cuda,efficientnet_b0,efficientnet,32.0,1024.0,bfloat16,5288548.0,0.000228125,5.9375e-05,0.000128125,0.0133,0.0001875,3.0,736.3333,40960.0,26.6667,40.7133,3.0,11.7,8500.0,"NVIDIA A100-PCIE-40GB
",407.27,742.0
3,cuda,cuda,efficientnet_b0,efficientnet,32.0,512.0,bfloat16,5288548.0,0.000228125,5.9375e-05,0.00013125,0.0134,0.00019062499999999998,4.3333,736.3333,40960.0,26.6667,35.22,3.0,11.7,8500.0,"NVIDIA A100-PCIE-40GB
",407.27,742.0
4,cuda,cuda,efficientnet_b0,efficientnet,64.0,1024.0,bfloat16,5288548.0,0.0001140625,6.09375e-05,0.0001921875,0.0235,0.000253125,4.0,736.3333,40960.0,26.6667,48.1167,3.0,11.7,8500.0,"NVIDIA A100-PCIE-40GB
",407.27,742.0
5,cuda,cuda,efficientnet_b0,efficientnet,64.0,512.0,bfloat16,5288548.0,0.000115625,6.09375e-05,0.000190625,0.0235,0.0002515625,4.0,736.3333,40960.0,26.6667,35.18,3.0,11.7,8500.0,"NVIDIA A100-PCIE-40GB
",407.27,742.0
6,cuda,cuda,efficientnet_b0,efficientnet,16.0,1024.0,float16,5288548.0,0.00046875,6.25e-05,0.0,0.0086,6.25e-05,2.3333,595.0,40960.0,26.3333,35.4167,3.0,11.7,8500.0,"NVIDIA A100-PCIE-40GB
",207.11,318.0
7,cuda,cuda,efficientnet_b0,efficientnet,16.0,512.0,float16,5288548.0,0.00659375,6.25e-05,6.25e-06,0.1066,6.875e-05,2.3333,595.0,40960.0,26.3333,34.9933,3.0,11.7,8500.0,"NVIDIA A100-PCIE-40GB
",207.11,318.0
8,cuda,cuda,efficientnet_b0,efficientnet,32.0,1024.0,float16,5288548.0,0.0002375,5.9375e-05,4.375e-05,0.0108,0.000103125,1.6667,595.0,40960.0,26.3333,42.5533,3.0,11.7,8500.0,"NVIDIA A100-PCIE-40GB
",266.83,318.0
9,cuda,cuda,efficientnet_b0,efficientnet,32.0,512.0,float16,5288548.0,0.00024375,5.9375e-05,4.375e-05,0.0111,0.000103125,1.6667,595.0,40960.0,26.3333,35.2167,3.0,11.7,8500.0,"NVIDIA A100-PCIE-40GB
",266.83,318.0
10,cuda,cuda,efficientnet_b0,efficientnet,64.0,1024.0,float16,5288548.0,0.0001203125,6.09375e-05,0.0001078125,0.0185,0.00016875,3.0,736.3333,40960.0,26.3333,35.2767,3.0,11.7,8500.0,"NVIDIA A100-PCIE-40GB
",407.27,742.0
11,cuda,cuda,efficientnet_b0,efficientnet,64.0,512.0,float16,5288548.0,0.000128125,6.09375e-05,0.0001078125,0.019,0.00016875,3.0,736.3333,40960.0,26.3333,35.0533,3.0,11.7,8500.0,"NVIDIA A100-PCIE-40GB
",407.27,742.0
12,cuda,cuda,efficientnet_b0,efficientnet,16.0,1024.0,float32,5288548.0,0.00045625,0.00011875,6.25e-06,0.0092,0.000125,13.0,737.0,40960.0,27.3333,41.8867,3.0,11.7,8500.0,"NVIDIA A100-PCIE-40GB
",407.27,744.0
13,cuda,cuda,efficientnet_b0,efficientnet,16.0,512.0,float32,5288548.0,0.0005375,0.00011875,6.25e-06,0.0105,0.000125,10.0,737.0,40960.0,27.0,37.2133,3.0,11.7,8500.0,"NVIDIA A100-PCIE-40GB
",407.27,744.0
14,cuda,cuda,efficientnet_b0,efficientnet,32.0,1024.0,float32,5288548.0,0.000215625,0.000115625,3.125e-05,0.0117,0.000146875,11.3333,737.0,40960.0,29.0,45.6167,3.0,11.7,8500.0,"NVIDIA A100-PCIE-40GB
",416.9,744.0
15,cuda,cuda,efficientnet_b0,efficientnet,32.0,512.0,float32,5288548.0,0.000221875,0.000115625,4.0625e-05,0.0121,0.00015625,11.6667,737.0,40960.0,28.3333,41.6233,3.0,11.7,8500.0,"NVIDIA A100-PCIE-40GB
",416.9,744.0
16,cuda,cuda,efficientnet_b0,efficientnet,64.0,1024.0,float32,5288548.0,0.0001234375,9.375e-05,0.0002046875,0.027,0.0002984375,13.3333,933.0,40960.0,28.3333,35.8667,3.0,11.7,8500.0,"NVIDIA A100-PCIE-40GB
",800.77,1332.0
17,cuda,cuda,efficientnet_b0,efficientnet,64.0,512.0,float32,5288548.0,0.0001234375,8.90625e-05,0.0001796875,0.0251,0.00026875,13.0,933.0,40960.0,28.3333,50.0433,3.0,11.7,8500.0,"NVIDIA A100-PCIE-40GB
",800.77,1332.0
18,cuda,cuda,efficientnet_b0,efficientnet,16.0,1024.0,float64,5288548.0,0.0004125,0.00024375,0.00025625,0.0146,0.0005,8.6667,934.3333,40960.0,27.6667,35.64,3.0,11.7,8500.0,"NVIDIA A100-PCIE-40GB
",800.77,1336.0
19,cuda,cuda,efficientnet_b0,efficientnet,16.0,512.0,float64,5288548.0,0.00044375,0.00024375,0.00025625,0.0151,0.0005,9.0,934.3333,40960.0,28.0,43.8133,3.0,11.7,8500.0,"NVIDIA A100-PCIE-40GB
",800.77,1336.0
20,cuda,cuda,efficientnet_b0,efficientnet,32.0,1024.0,float64,5288548.0,0.000228125,0.000225,0.000409375,0.0276,0.000634375,9.0,934.3333,40960.0,28.0,52.3567,3.0,11.7,8500.0,"NVIDIA A100-PCIE-40GB
",821.26,1336.0
21,cuda,cuda,efficientnet_b0,efficientnet,32.0,512.0,float64,5288548.0,0.000234375,0.000221875,0.000409375,0.0276,0.0006312500000000001,9.3333,934.3333,40960.0,28.0,57.89,3.0,11.7,8500.0,"NVIDIA A100-PCIE-40GB
",821.26,1336.0
22,cuda,cuda,efficientnet_b0,efficientnet,64.0,1024.0,float64,5288548.0,0.0001140625,0.000178125,0.000484375,0.0497,0.0006625,8.0,1391.6667,40960.0,27.6667,65.6333,3.0,11.7,8500.0,"NVIDIA A100-PCIE-40GB
",1593.01,2708.0
23,cuda,cuda,efficientnet_b0,efficientnet,64.0,512.0,float64,5288548.0,0.0001171875,0.0001796875,0.0004828125,0.0498,0.0006625,8.3333,1391.6667,40960.0,28.0,39.4133,3.0,11.7,8500.0,"NVIDIA A100-PCIE-40GB
",1593.01,2708.0
24,cuda,cuda,efficientnet_b1,efficientnet,16.0,1024.0,bfloat16,7794184.0,0.00064375,6.25e-05,6.25e-06,0.0114,6.875e-05,5.6667,1391.6667,40960.0,26.6667,36.9633,3.0,11.7,8500.0,"NVIDIA A100-PCIE-40GB
",1593.01,2708.0
25,cuda,cuda,efficientnet_b1,efficientnet,16.0,512.0,bfloat16,7794184.0,0.00065,6.25e-05,6.25e-06,0.0115,6.875e-05,7.0,1391.6667,40960.0,26.6667,35.19,3.0,11.7,8500.0,"NVIDIA A100-PCIE-40GB
",1593.01,2708.0
26,cuda,cuda,efficientnet_b1,efficientnet,32.0,1024.0,bfloat16,7794184.0,0.000321875,5.9375e-05,0.00019375,0.0184,0.000253125,6.0,1391.6667,40960.0,26.6667,35.3567,3.0,11.7,8500.0,"NVIDIA A100-PCIE-40GB
",1593.01,2708.0
27,cuda,cuda,efficientnet_b1,efficientnet,32.0,512.0,bfloat16,7794184.0,0.000325,5.9375e-05,0.000190625,0.0184,0.00025,4.6667,1391.6667,40960.0,26.6667,35.3433,3.0,11.7,8500.0,"NVIDIA A100-PCIE-40GB
",1593.01,2708.0
28,cuda,cuda,efficientnet_b1,efficientnet,64.0,1024.0,bfloat16,7794184.0,0.0001609375,6.09375e-05,0.0002796875,0.0321,0.000340625,5.3333,1391.6667,40960.0,26.6667,51.81,3.0,11.7,8500.0,"NVIDIA A100-PCIE-40GB
",1593.01,2708.0
29,cuda,cuda,efficientnet_b1,efficientnet,64.0,512.0,bfloat16,7794184.0,0.0001625,6.09375e-05,0.0002796875,0.0322,0.000340625,5.3333,1391.6667,40960.0,26.6667,51.4033,3.0,11.7,8500.0,"NVIDIA A100-PCIE-40GB
",1593.01,2708.0
30,cuda,cuda,efficientnet_b1,efficientnet,16.0,1024.0,float16,7794184.0,0.000675,6.25e-05,0.0,0.0119,6.25e-05,3.0,1391.6667,40960.0,26.6667,35.55,3.0,11.7,8500.0,"NVIDIA A100-PCIE-40GB
",1593.01,2708.0
31,cuda,cuda,efficientnet_b1,efficientnet,16.0,512.0,float16,7794184.0,0.000675,6.25e-05,0.0,0.0118,6.25e-05,3.0,1391.6667,40960.0,27.0,35.3433,3.0,11.7,8500.0,"NVIDIA A100-PCIE-40GB
",1593.01,2708.0
32,cuda,cuda,efficientnet_b1,efficientnet,32.0,1024.0,float16,7794184.0,0.00033125,5.9375e-05,6.5625e-05,0.0146,0.000125,2.3333,1391.6667,40960.0,26.3333,35.0567,3.0,11.7,8500.0,"NVIDIA A100-PCIE-40GB
",1593.01,2708.0
33,cuda,cuda,efficientnet_b1,efficientnet,32.0,512.0,float16,7794184.0,0.00033125,5.9375e-05,6.5625e-05,0.0146,0.000125,2.3333,1391.6667,40960.0,26.3333,41.2033,3.0,11.7,8500.0,"NVIDIA A100-PCIE-40GB
",1593.01,2708.0
34,cuda,cuda,efficientnet_b1,efficientnet,64.0,1024.0,float16,7794184.0,0.0001671875,6.09375e-05,0.0001578125,0.0247,0.00021874999999999998,0.0,1391.6667,40960.0,26.6667,45.26,3.0,11.7,8500.0,"NVIDIA A100-PCIE-40GB
",1593.01,2708.0
35,cuda,cuda,efficientnet_b1,efficientnet,64.0,512.0,float16,7794184.0,0.000171875,6.09375e-05,0.00015625,0.0249,0.0002171875,4.0,1391.6667,40960.0,26.3333,35.5667,3.0,11.7,8500.0,"NVIDIA A100-PCIE-40GB
",1593.01,2708.0
36,cuda,cuda,efficientnet_b1,efficientnet,16.0,1024.0,float32,7794184.0,0.000625,0.00011875,6.25e-06,0.0119,0.000125,13.0,1393.0,40960.0,28.6667,41.6533,3.0,11.7,8500.0,"NVIDIA A100-PCIE-40GB
",1593.01,2712.0
37,cuda,cuda,efficientnet_b1,efficientnet,16.0,512.0,float32,7794184.0,0.000625,0.00011875,6.25e-06,0.0119,0.000125,12.3333,1393.0,40960.0,28.0,57.41,3.0,11.7,8500.0,"NVIDIA A100-PCIE-40GB
",1593.01,2712.0
38,cuda,cuda,efficientnet_b1,efficientnet,32.0,1024.0,float32,7794184.0,0.00030625,0.000115625,4.375e-05,0.0148,0.000159375,14.6667,1393.0,40960.0,30.6667,76.0733,3.0,11.7,8500.0,"NVIDIA A100-PCIE-40GB
",1593.01,2712.0
39,cuda,cuda,efficientnet_b1,efficientnet,32.0,512.0,float32,7794184.0,0.00030625,0.00011875,4.0625e-05,0.0149,0.000159375,14.6667,1393.0,40960.0,29.6667,45.4167,3.0,11.7,8500.0,"NVIDIA A100-PCIE-40GB
",1593.01,2712.0
40,cuda,cuda,efficientnet_b1,efficientnet,64.0,1024.0,float32,7794184.0,0.00016875,8.90625e-05,0.0001625,0.0269,0.0002515625,13.3333,1393.0,40960.0,31.3333,43.7033,3.0,11.7,8500.0,"NVIDIA A100-PCIE-40GB
",1593.01,2712.0
41,cuda,cuda,efficientnet_b1,efficientnet,64.0,512.0,float32,7794184.0,0.000165625,8.75e-05,0.0001640625,0.0267,0.0002515625,13.0,1393.0,40960.0,31.0,44.6933,3.0,11.7,8500.0,"NVIDIA A100-PCIE-40GB
",1593.01,2712.0
42,cuda,cuda,efficientnet_b1,efficientnet,16.0,1024.0,float64,7794184.0,0.00056875,0.0002375,0.0003875,0.0191,0.000625,11.3333,1394.3333,40960.0,29.0,38.3333,3.0,11.7,8500.0,"NVIDIA A100-PCIE-40GB
",1593.01,2716.0
43,cuda,cuda,efficientnet_b1,efficientnet,16.0,512.0,float64,7794184.0,0.00058125,0.0002375,0.0003625,0.0188,0.0006,10.6667,1394.3333,40960.0,30.0,36.49,3.0,11.7,8500.0,"NVIDIA A100-PCIE-40GB
",1593.01,2716.0
44,cuda,cuda,efficientnet_b1,efficientnet,32.0,1024.0,float64,7794184.0,0.000315625,0.00024375,0.000603125,0.0372,0.000846875,8.0,1394.3333,40960.0,28.3333,58.9233,3.0,11.7,8500.0,"NVIDIA A100-PCIE-40GB
",1593.01,2716.0
45,cuda,cuda,efficientnet_b1,efficientnet,32.0,512.0,float64,7794184.0,0.000315625,0.000240625,0.000603125,0.0371,0.0008437500000000001,8.3333,1394.3333,40960.0,28.6667,39.8,3.0,11.7,8500.0,"NVIDIA A100-PCIE-40GB
",1593.01,2716.0
46,cuda,cuda,efficientnet_b1,efficientnet,64.0,1024.0,float64,7794184.0,0.0001578125,0.0001765625,0.000696875,0.0659,0.0008734375,11.0,1394.3333,40960.0,28.6667,66.9467,3.0,11.7,8500.0,"NVIDIA A100-PCIE-40GB
",1613.97,2716.0
47,cuda,cuda,efficientnet_b1,efficientnet,64.0,512.0,float64,7794184.0,0.000159375,0.0001875,0.00069375,0.0667,0.0008812500000000001,8.0,1394.3333,40960.0,28.6667,54.4,3.0,11.7,8500.0,"NVIDIA A100-PCIE-40GB
",1613.97,2716.0
48,cuda,cuda,efficientnet_b2,efficientnet,16.0,1024.0,bfloat16,9109994.0,0.00065625,6.25e-05,5.625e-05,0.0124,0.00011875,6.0,1394.3333,40960.0,26.6667,35.3167,3.0,11.7,8500.0,"NVIDIA A100-PCIE-40GB
",1613.97,2716.0
49,cuda,cuda,efficientnet_b2,efficientnet,16.0,512.0,bfloat16,9109994.0,0.00066875,6.25e-05,5e-05,0.0125,0.0001125,6.0,1394.3333,40960.0,26.6667,41.86,3.0,11.7,8500.0,"NVIDIA A100-PCIE-40GB
",1613.97,2716.0
50,cuda,cuda,efficientnet_b2,efficientnet,32.0,1024.0,bfloat16,9109994.0,0.000321875,5.9375e-05,0.00023125,0.0196,0.00029062500000000003,6.3333,1394.3333,40960.0,26.6667,35.55,3.0,11.7,8500.0,"NVIDIA A100-PCIE-40GB
",1613.97,2716.0
51,cuda,cuda,efficientnet_b2,efficientnet,32.0,512.0,bfloat16,9109994.0,0.000328125,5.9375e-05,0.000228125,0.0196,0.0002875,6.3333,1394.3333,40960.0,26.6667,35.1233,3.0,11.7,8500.0,"NVIDIA A100-PCIE-40GB
",1613.97,2716.0
52,cuda,cuda,efficientnet_b2,efficientnet,64.0,1024.0,bfloat16,9109994.0,0.0001609375,6.09375e-05,0.0003125,0.0341,0.0003734375,5.6667,1394.3333,40960.0,27.3333,52.1,3.0,11.7,8500.0,"NVIDIA A100-PCIE-40GB
",1613.97,2716.0
53,cuda,cuda,efficientnet_b2,efficientnet,64.0,512.0,bfloat16,9109994.0,0.0001640625,6.09375e-05,0.0003109375,0.0343,0.000371875,5.6667,1394.3333,40960.0,27.0,52.17,3.0,11.7,8500.0,"NVIDIA A100-PCIE-40GB
",1613.97,2716.0
54,cuda,cuda,efficientnet_b2,efficientnet,16.0,1024.0,float16,9109994.0,0.00068125,6.25e-05,0.0,0.012,6.25e-05,3.3333,1394.3333,40960.0,26.6667,39.97,3.0,11.7,8500.0,"NVIDIA A100-PCIE-40GB
",1613.97,2716.0
55,cuda,cuda,efficientnet_b2,efficientnet,16.0,512.0,float16,9109994.0,0.00069375,6.25e-05,6.25e-06,0.0121,6.875e-05,3.3333,1394.3333,40960.0,27.3333,37.0667,3.0,11.7,8500.0,"NVIDIA A100-PCIE-40GB
",1613.97,2716.0
56,cuda,cuda,efficientnet_b2,efficientnet,32.0,1024.0,float16,9109994.0,0.000334375,5.9375e-05,9.0625e-05,0.0156,0.00015,2.6667,1394.3333,40960.0,26.3333,42.4167,3.0,11.7,8500.0,"NVIDIA A100-PCIE-40GB
",1613.97,2716.0
57,cuda,cuda,efficientnet_b2,efficientnet,32.0,512.0,float16,9109994.0,0.0003375,5.9375e-05,9.375e-05,0.0157,0.000153125,2.6667,1394.3333,40960.0,26.6667,45.7,3.0,11.7,8500.0,"NVIDIA A100-PCIE-40GB
",1613.97,2716.0
58,cuda,cuda,efficientnet_b2,efficientnet,64.0,1024.0,float16,9109994.0,0.0001734375,6.25e-05,0.000175,0.0262,0.0002375,0.0,1394.3333,40960.0,26.6667,48.7933,3.0,11.7,8500.0,"NVIDIA A100-PCIE-40GB
",1613.97,2716.0
59,cuda,cuda,efficientnet_b2,efficientnet,64.0,512.0,float16,9109994.0,0.0001703125,6.09375e-05,0.000178125,0.0263,0.00023906250000000002,3.0,1394.3333,40960.0,26.6667,35.2133,3.0,11.7,8500.0,"NVIDIA A100-PCIE-40GB
",1613.97,2716.0
60,cuda,cuda,efficientnet_b2,efficientnet,16.0,1024.0,float32,9109994.0,0.00061875,0.00011875,6.25e-06,0.0118,0.000125,9.6667,1394.3333,40960.0,29.0,59.59,3.0,11.7,8500.0,"NVIDIA A100-PCIE-40GB
",1613.97,2716.0
61,cuda,cuda,efficientnet_b2,efficientnet,16.0,512.0,float32,9109994.0,0.000625,0.00011875,6.25e-06,0.0119,0.000125,13.0,1394.3333,40960.0,28.3333,42.9967,3.0,11.7,8500.0,"NVIDIA A100-PCIE-40GB
",1613.97,2716.0
62,cuda,cuda,efficientnet_b2,efficientnet,32.0,1024.0,float32,9109994.0,0.000303125,0.000115625,7.1875e-05,0.0158,0.0001875,15.6667,1394.3333,40960.0,31.0,47.03,3.0,11.7,8500.0,"NVIDIA A100-PCIE-40GB
",1613.97,2716.0
63,cuda,cuda,efficientnet_b2,efficientnet,32.0,512.0,float32,9109994.0,0.000309375,0.000115625,6.875e-05,0.0158,0.00018437500000000002,14.3333,1394.3333,40960.0,30.0,44.3733,3.0,11.7,8500.0,"NVIDIA A100-PCIE-40GB
",1613.97,2716.0
64,cuda,cuda,efficientnet_b2,efficientnet,64.0,1024.0,float32,9109994.0,0.0001671875,9.21875e-05,0.00018125,0.0282,0.00027343749999999997,13.3333,1394.3333,40960.0,32.6667,45.5967,3.0,11.7,8500.0,"NVIDIA A100-PCIE-40GB
",1613.97,2716.0
65,cuda,cuda,efficientnet_b2,efficientnet,64.0,512.0,float32,9109994.0,0.0001671875,8.90625e-05,0.00018125,0.028,0.0002703125,13.3333,1394.3333,40960.0,32.0,53.5633,3.0,11.7,8500.0,"NVIDIA A100-PCIE-40GB
",1613.97,2716.0
66,cuda,cuda,efficientnet_b2,efficientnet,16.0,1024.0,float64,9109994.0,0.000575,0.0002375,0.00046875,0.0206,0.00070625,10.0,1394.3333,40960.0,29.3333,53.7,3.0,11.7,8500.0,"NVIDIA A100-PCIE-40GB
",1613.97,2716.0
67,cuda,cuda,efficientnet_b2,efficientnet,16.0,512.0,float64,9109994.0,0.0005875,0.0002375,0.00043125,0.0201,0.00066875,13.3333,1394.3333,40960.0,30.6667,36.4633,3.0,11.7,8500.0,"NVIDIA A100-PCIE-40GB
",1613.97,2716.0
68,cuda,cuda,efficientnet_b2,efficientnet,32.0,1024.0,float64,9109994.0,0.000321875,0.000246875,0.000703125,0.0406,0.00095,13.0,1394.3333,40960.0,28.6667,40.66,3.0,11.7,8500.0,"NVIDIA A100-PCIE-40GB
",1613.97,2716.0
69,cuda,cuda,efficientnet_b2,efficientnet,32.0,512.0,float64,9109994.0,0.00031875,0.00024375,0.00070625,0.0405,0.0009499999999999999,13.3333,1394.3333,40960.0,29.0,57.6967,3.0,11.7,8500.0,"NVIDIA A100-PCIE-40GB
",1613.97,2716.0
70,cuda,cuda,efficientnet_b2,efficientnet,64.0,1024.0,float64,9109994.0,0.000159375,0.000178125,0.0007765625,0.0713,0.0009546875,11.6667,1394.3333,40960.0,28.6667,66.9033,3.0,11.7,8500.0,"NVIDIA A100-PCIE-40GB
",1624.45,2716.0
71,cuda,cuda,efficientnet_b2,efficientnet,64.0,512.0,float64,9109994.0,0.000159375,0.00019375,0.0007765625,0.0723,0.0009703125,9.0,1394.3333,40960.0,28.6667,37.9067,3.0,11.7,8500.0,"NVIDIA A100-PCIE-40GB
",1624.45,2716.0
72,cuda,cuda,efficientnet_b3,efficientnet,16.0,1024.0,bfloat16,12233232.0,0.00073125,6.25e-05,0.00014375,0.015,0.00020625,7.3333,1394.3333,40960.0,27.0,35.52,3.0,11.7,8500.0,"NVIDIA A100-PCIE-40GB
",1624.45,2716.0
73,cuda,cuda,efficientnet_b3,efficientnet,16.0,512.0,bfloat16,12233232.0,0.00074375,6.25e-05,0.00014375,0.0151,0.00020625,7.3333,1394.3333,40960.0,26.6667,35.6467,3.0,11.7,8500.0,"NVIDIA A100-PCIE-40GB
",1624.45,2716.0
74,cuda,cuda,efficientnet_b3,efficientnet,32.0,1024.0,bfloat16,12233232.0,0.00036875,5.9375e-05,0.00031875,0.0239,0.00037812500000000004,4.0,1394.3333,40960.0,27.0,36.6033,3.0,11.7,8500.0,"NVIDIA A100-PCIE-40GB
",1624.45,2716.0
75,cuda,cuda,efficientnet_b3,efficientnet,32.0,512.0,bfloat16,12233232.0,0.000365625,5.9375e-05,0.000321875,0.0239,0.00038125,8.0,1394.3333,40960.0,27.0,35.78,3.0,11.7,8500.0,"NVIDIA A100-PCIE-40GB
",1624.45,2716.0
76,cuda,cuda,efficientnet_b3,efficientnet,64.0,1024.0,bfloat16,12233232.0,0.0001828125,6.09375e-05,0.0004171875,0.0423,0.00047812500000000003,7.0,1394.3333,40960.0,27.0,35.4067,3.0,11.7,8500.0,"NVIDIA A100-PCIE-40GB
",1624.45,2716.0
77,cuda,cuda,efficientnet_b3,efficientnet,64.0,512.0,bfloat16,12233232.0,0.0001859375,6.09375e-05,0.0004140625,0.0424,0.000475,7.0,1394.3333,40960.0,27.0,35.5167,3.0,11.7,8500.0,"NVIDIA A100-PCIE-40GB
",1624.45,2716.0
78,cuda,cuda,efficientnet_b3,efficientnet,16.0,1024.0,float16,12233232.0,0.0007625,6.875e-05,6.25e-06,0.0134,7.500000000000001e-05,4.0,1394.3333,40960.0,26.6667,41.8733,3.0,11.7,8500.0,"NVIDIA A100-PCIE-40GB
",1624.45,2716.0
79,cuda,cuda,efficientnet_b3,efficientnet,16.0,512.0,float16,12233232.0,0.00076875,6.25e-05,6.25e-06,0.0134,6.875e-05,2.0,1394.3333,40960.0,27.6667,36.0433,3.0,11.7,8500.0,"NVIDIA A100-PCIE-40GB
",1624.45,2716.0
80,cuda,cuda,efficientnet_b3,efficientnet,32.0,1024.0,float16,12233232.0,0.000371875,6.25e-05,0.000159375,0.019,0.000221875,3.0,1394.3333,40960.0,26.6667,39.1,3.0,11.7,8500.0,"NVIDIA A100-PCIE-40GB
",1624.45,2716.0
81,cuda,cuda,efficientnet_b3,efficientnet,32.0,512.0,float16,12233232.0,0.000378125,5.9375e-05,0.00015625,0.0191,0.000215625,3.0,1394.3333,40960.0,26.6667,47.5033,3.0,11.7,8500.0,"NVIDIA A100-PCIE-40GB
",1624.45,2716.0
82,cuda,cuda,efficientnet_b3,efficientnet,64.0,1024.0,float16,12233232.0,0.000190625,6.09375e-05,0.0002453125,0.0319,0.00030625,0.0,1394.3333,40960.0,26.6667,35.6367,3.0,11.7,8500.0,"NVIDIA A100-PCIE-40GB
",1624.45,2716.0
83,cuda,cuda,efficientnet_b3,efficientnet,64.0,512.0,float16,12233232.0,0.0002,6.25e-05,0.000246875,0.0326,0.000309375,5.3333,1394.3333,40960.0,26.6667,46.9367,3.0,11.7,8500.0,"NVIDIA A100-PCIE-40GB
",1624.45,2716.0
84,cuda,cuda,efficientnet_b3,efficientnet,16.0,1024.0,float32,12233232.0,0.00070625,0.00011875,6.25e-06,0.0132,0.000125,14.6667,1394.3333,40960.0,29.6667,55.2067,3.0,11.7,8500.0,"NVIDIA A100-PCIE-40GB
",1624.45,2716.0
85,cuda,cuda,efficientnet_b3,efficientnet,16.0,512.0,float32,12233232.0,0.0007125,0.00011875,6.25e-06,0.0133,0.000125,15.0,1394.3333,40960.0,28.6667,65.2733,3.0,11.7,8500.0,"NVIDIA A100-PCIE-40GB
",1624.45,2716.0
86,cuda,cuda,efficientnet_b3,efficientnet,32.0,1024.0,float32,12233232.0,0.00035,0.000115625,0.000125,0.0189,0.000240625,17.6667,1394.3333,40960.0,31.6667,84.54,3.0,11.7,8500.0,"NVIDIA A100-PCIE-40GB
",1624.45,2716.0
87,cuda,cuda,efficientnet_b3,efficientnet,32.0,512.0,float32,12233232.0,0.00035,0.000115625,0.000128125,0.019,0.00024375000000000002,15.6667,1394.3333,40960.0,30.6667,52.5733,3.0,11.7,8500.0,"NVIDIA A100-PCIE-40GB
",1624.45,2716.0
88,cuda,cuda,efficientnet_b3,efficientnet,64.0,1024.0,float32,12233232.0,0.0001890625,9.0625e-05,0.000259375,0.0346,0.00035,13.3333,1394.3333,40960.0,34.3333,51.5667,3.0,11.7,8500.0,"NVIDIA A100-PCIE-40GB
",1624.45,2716.0
89,cuda,cuda,efficientnet_b3,efficientnet,64.0,512.0,float32,12233232.0,0.0001890625,9.21875e-05,0.0002609375,0.0346,0.000353125,14.0,1394.3333,40960.0,32.6667,50.2133,3.0,11.7,8500.0,"NVIDIA A100-PCIE-40GB
",1624.45,2716.0
90,cuda,cuda,efficientnet_b3,efficientnet,16.0,1024.0,float64,12233232.0,0.00065625,0.0002375,0.00039375,0.0206,0.00063125,9.3333,1395.6667,40960.0,30.3333,41.3833,3.0,11.7,8500.0,"NVIDIA A100-PCIE-40GB
",1624.45,2720.0
91,cuda,cuda,efficientnet_b3,efficientnet,16.0,512.0,float64,12233232.0,0.00065,0.0002375,0.00038125,0.0203,0.00061875,10.6667,1395.6667,40960.0,31.6667,46.93,3.0,11.7,8500.0,"NVIDIA A100-PCIE-40GB
",1624.45,2720.0
92,cuda,cuda,efficientnet_b3,efficientnet,32.0,1024.0,float64,12233232.0,0.0003625,0.000246875,0.00066875,0.0408,0.000915625,13.3333,1395.6667,40960.0,29.3333,36.5033,3.0,11.7,8500.0,"NVIDIA A100-PCIE-40GB
",1624.45,2720.0
93,cuda,cuda,efficientnet_b3,efficientnet,32.0,512.0,float64,12233232.0,0.0003875,0.00024375,0.000671875,0.0416,0.000915625,10.3333,1395.6667,40960.0,29.6667,55.7767,3.0,11.7,8500.0,"NVIDIA A100-PCIE-40GB
",1624.45,2720.0
94,cuda,cuda,efficientnet_b3,efficientnet,64.0,1024.0,float64,12233232.0,0.000178125,0.000178125,0.0009,0.0804,0.001078125,12.3333,1983.6667,40960.0,29.0,41.07,3.0,11.7,8500.0,"NVIDIA A100-PCIE-40GB
",2332.29,4484.0
95,cuda,cuda,efficientnet_b3,efficientnet,64.0,512.0,float64,12233232.0,0.0002140625,0.0001765625,0.000896875,0.0824,0.0010734375,11.6667,1983.6667,40960.0,29.3333,67.42,3.0,11.7,8500.0,"NVIDIA A100-PCIE-40GB
",2332.29,4484.0
96,cuda,cuda,efficientnet_b4,efficientnet,16.0,1024.0,bfloat16,19341616.0,0.0009125,6.25e-05,0.00024375,0.0195,0.00030625,10.0,1983.6667,40960.0,27.0,35.4167,3.0,11.7,8500.0,"NVIDIA A100-PCIE-40GB
",2332.29,4484.0
97,cuda,cuda,efficientnet_b4,efficientnet,16.0,512.0,bfloat16,19341616.0,0.00093125,6.25e-05,0.00025625,0.02,0.00031875,9.6667,1983.6667,40960.0,27.0,37.39,3.0,11.7,8500.0,"NVIDIA A100-PCIE-40GB
",2332.29,4484.0
98,cuda,cuda,efficientnet_b4,efficientnet,32.0,1024.0,bfloat16,19341616.0,0.000453125,5.9375e-05,0.000478125,0.0317,0.0005375,10.3333,1983.6667,40960.0,27.0,48.7,3.0,11.7,8500.0,"NVIDIA A100-PCIE-40GB
",2332.29,4484.0
99,cuda,cuda,efficientnet_b4,efficientnet,32.0,512.0,bfloat16,19341616.0,0.000453125,5.9375e-05,0.000478125,0.0318,0.0005375,10.3333,1983.6667,40960.0,27.0,37.7567,3.0,11.7,8500.0,"NVIDIA A100-PCIE-40GB
",2332.29,4484.0
100,cuda,cuda,efficientnet_b4,efficientnet,64.0,1024.0,bfloat16,19341616.0,0.000225,6.09375e-05,0.0006,0.0567,0.0006609375,9.3333,1983.6667,40960.0,27.3333,38.1067,3.0,11.7,8500.0,"NVIDIA A100-PCIE-40GB
",2332.29,4484.0
101,cuda,cuda,efficientnet_b4,efficientnet,64.0,512.0,bfloat16,19341616.0,0.0002265625,6.09375e-05,0.0005984375,0.0567,0.000659375,9.3333,1983.6667,40960.0,27.3333,46.47,3.0,11.7,8500.0,"NVIDIA A100-PCIE-40GB
",2332.29,4484.0
102,cuda,cuda,efficientnet_b4,efficientnet,16.0,1024.0,float16,19341616.0,0.00094375,6.25e-05,0.0,0.0161,6.25e-05,5.0,1983.6667,40960.0,27.0,43.2867,3.0,11.7,8500.0,"NVIDIA A100-PCIE-40GB
",2332.29,4484.0
103,cuda,cuda,efficientnet_b4,efficientnet,16.0,512.0,float16,19341616.0,0.00108125,6.875e-05,0.0,0.0184,6.875e-05,5.0,1983.6667,40960.0,27.6667,35.48,3.0,11.7,8500.0,"NVIDIA A100-PCIE-40GB
",2332.29,4484.0
104,cuda,cuda,efficientnet_b4,efficientnet,32.0,1024.0,float16,19341616.0,0.000471875,5.9375e-05,0.000221875,0.0241,0.00028125000000000003,4.0,1983.6667,40960.0,26.6667,38.7367,3.0,11.7,8500.0,"NVIDIA A100-PCIE-40GB
",2332.29,4484.0
105,cuda,cuda,efficientnet_b4,efficientnet,32.0,512.0,float16,19341616.0,0.00046875,5.9375e-05,0.000228125,0.0242,0.0002875,3.6667,1983.6667,40960.0,26.6667,35.25,3.0,11.7,8500.0,"NVIDIA A100-PCIE-40GB
",2332.29,4484.0
106,cuda,cuda,efficientnet_b4,efficientnet,64.0,1024.0,float16,19341616.0,0.000234375,6.09375e-05,0.000346875,0.0411,0.0004078125,6.6667,1983.6667,40960.0,26.6667,43.26,3.0,11.7,8500.0,"NVIDIA A100-PCIE-40GB
",2332.29,4484.0
107,cuda,cuda,efficientnet_b4,efficientnet,64.0,512.0,float16,19341616.0,0.0002390625,6.09375e-05,0.0003453125,0.0413,0.00040625000000000004,0.0,1983.6667,40960.0,26.6667,57.9067,3.0,11.7,8500.0,"NVIDIA A100-PCIE-40GB
",2332.29,4484.0
108,cuda,cuda,efficientnet_b4,efficientnet,16.0,1024.0,float32,19341616.0,0.00086875,0.00011875,6.25e-06,0.0159,0.000125,17.0,1983.6667,40960.0,30.3333,58.7033,3.0,11.7,8500.0,"NVIDIA A100-PCIE-40GB
",2332.29,4484.0
109,cuda,cuda,efficientnet_b4,efficientnet,16.0,512.0,float32,19341616.0,0.00088125,0.00011875,6.25e-06,0.0161,0.000125,11.3333,1983.6667,40960.0,29.0,68.0267,3.0,11.7,8500.0,"NVIDIA A100-PCIE-40GB
",2332.29,4484.0
110,cuda,cuda,efficientnet_b4,efficientnet,32.0,1024.0,float32,19341616.0,0.000425,0.000115625,0.0002375,0.0249,0.00035312500000000003,19.0,1983.6667,40960.0,33.3333,47.1933,3.0,11.7,8500.0,"NVIDIA A100-PCIE-40GB
",2332.29,4484.0
111,cuda,cuda,efficientnet_b4,efficientnet,32.0,512.0,float32,19341616.0,0.000428125,0.000115625,0.0002375,0.025,0.00035312500000000003,12.6667,1983.6667,40960.0,31.6667,67.1467,3.0,11.7,8500.0,"NVIDIA A100-PCIE-40GB
",2332.29,4484.0
112,cuda,cuda,efficientnet_b4,efficientnet,64.0,1024.0,float32,19341616.0,0.00023125,8.75e-05,0.00038125,0.0449,0.00046875000000000004,19.3333,1983.6667,40960.0,35.0,48.7333,3.0,11.7,8500.0,"NVIDIA A100-PCIE-40GB
",2332.29,4484.0
113,cuda,cuda,efficientnet_b4,efficientnet,64.0,512.0,float32,19341616.0,0.000234375,9.0625e-05,0.000378125,0.045,0.00046875,19.0,1983.6667,40960.0,34.3333,49.54,3.0,11.7,8500.0,"NVIDIA A100-PCIE-40GB
",2332.29,4484.0
114,cuda,cuda,efficientnet_b4,efficientnet,16.0,1024.0,float64,19341616.0,0.00080625,0.0002375,0.00035625,0.0223,0.00059375,11.0,1986.3333,40960.0,34.0,55.4533,3.0,11.7,8500.0,"NVIDIA A100-PCIE-40GB
",2332.29,4492.0
115,cuda,cuda,efficientnet_b4,efficientnet,16.0,512.0,float64,19341616.0,0.00080625,0.0002375,0.00035,0.0223,0.0005875,14.0,1986.3333,40960.0,34.3333,55.9433,3.0,11.7,8500.0,"NVIDIA A100-PCIE-40GB
",2332.29,4492.0
116,cuda,cuda,efficientnet_b4,efficientnet,32.0,1024.0,float64,19341616.0,0.0004375,0.00023125,0.000678125,0.043,0.000909375,8.6667,1986.3333,40960.0,34.3333,48.28,3.0,11.7,8500.0,"NVIDIA A100-PCIE-40GB
",2332.29,4492.0
117,cuda,cuda,efficientnet_b4,efficientnet,32.0,512.0,float64,19341616.0,0.00043125,0.000234375,0.00068125,0.0431,0.000915625,12.3333,1986.3333,40960.0,34.0,119.5333,3.0,11.7,8500.0,"NVIDIA A100-PCIE-40GB
",2332.29,4492.0
118,cuda,cuda,efficientnet_b4,efficientnet,64.0,1024.0,float64,19341616.0,0.000225,0.0001859375,0.0008671875,0.0818,0.001053125,8.0,1986.3333,40960.0,32.6667,110.52,3.0,11.7,8500.0,"NVIDIA A100-PCIE-40GB
",2436.23,4492.0
119,cuda,cuda,efficientnet_b4,efficientnet,64.0,512.0,float64,19341616.0,0.0002328125,0.0001734375,0.0008703125,0.0818,0.00104375,11.0,1986.3333,40960.0,33.0,104.5667,3.0,11.7,8500.0,"NVIDIA A100-PCIE-40GB
",2436.23,4492.0
120,cuda,cuda,mobilenetv2_100,misc,16.0,1024.0,bfloat16,3504872.0,0.00031875,6.25e-05,0.0,0.0062,6.25e-05,3.6667,1986.3333,40960.0,26.3333,37.4633,3.0,11.7,8500.0,"NVIDIA A100-PCIE-40GB
",2436.23,4492.0
121,cuda,cuda,mobilenetv2_100,misc,16.0,512.0,bfloat16,3504872.0,0.00033125,6.25e-05,0.0,0.0063,6.25e-05,3.6667,1986.3333,40960.0,26.3333,36.8067,3.0,11.7,8500.0,"NVIDIA A100-PCIE-40GB
",2436.23,4492.0
122,cuda,cuda,mobilenetv2_100,misc,32.0,1024.0,bfloat16,3504872.0,0.0001625,5.9375e-05,7.1875e-05,0.0094,0.00013125,3.0,1986.3333,40960.0,26.6667,35.3133,3.0,11.7,8500.0,"NVIDIA A100-PCIE-40GB
",2436.23,4492.0
123,cuda,cuda,mobilenetv2_100,misc,32.0,512.0,bfloat16,3504872.0,0.0001625,5.9375e-05,7.1875e-05,0.0094,0.00013125,2.6667,1986.3333,40960.0,26.6667,40.5167,3.0,11.7,8500.0,"NVIDIA A100-PCIE-40GB
",2436.23,4492.0
124,cuda,cuda,mobilenetv2_100,misc,64.0,1024.0,bfloat16,3504872.0,8.28125e-05,6.09375e-05,0.0001171875,0.0167,0.000178125,2.6667,1986.3333,40960.0,26.6667,36.53,3.0,11.7,8500.0,"NVIDIA A100-PCIE-40GB
",2436.23,4492.0
125,cuda,cuda,mobilenetv2_100,misc,64.0,512.0,bfloat16,3504872.0,8.28125e-05,6.09375e-05,0.00011875,0.0167,0.0001796875,2.6667,1986.3333,40960.0,26.6667,48.0367,3.0,11.7,8500.0,"NVIDIA A100-PCIE-40GB
",2436.23,4492.0
126,cuda,cuda,mobilenetv2_100,misc,16.0,1024.0,float16,3504872.0,0.0003375,6.25e-05,0.0,0.0064,6.25e-05,1.0,1986.3333,40960.0,27.0,35.35,3.0,11.7,8500.0,"NVIDIA A100-PCIE-40GB
",2436.23,4492.0
127,cuda,cuda,mobilenetv2_100,misc,16.0,512.0,float16,3504872.0,0.000375,6.25e-05,0.0,0.007,6.25e-05,1.6667,1986.3333,40960.0,29.0,35.8533,3.0,11.7,8500.0,"NVIDIA A100-PCIE-40GB
",2436.23,4492.0
128,cuda,cuda,mobilenetv2_100,misc,32.0,1024.0,float16,3504872.0,0.00016875,5.9375e-05,2.5e-05,0.0081,8.4375e-05,1.3333,1986.3333,40960.0,26.3333,37.95,3.0,11.7,8500.0,"NVIDIA A100-PCIE-40GB
",2436.23,4492.0
129,cuda,cuda,mobilenetv2_100,misc,32.0,512.0,float16,3504872.0,0.000171875,5.9375e-05,2.5e-05,0.0082,8.4375e-05,1.3333,1986.3333,40960.0,26.6667,35.1867,3.0,11.7,8500.0,"NVIDIA A100-PCIE-40GB
",2436.23,4492.0
130,cuda,cuda,mobilenetv2_100,misc,64.0,1024.0,float16,3504872.0,8.59375e-05,6.09375e-05,7.65625e-05,0.0143,0.00013749999999999998,2.3333,1986.3333,40960.0,26.3333,38.0733,3.0,11.7,8500.0,"NVIDIA A100-PCIE-40GB
",2436.23,4492.0
131,cuda,cuda,mobilenetv2_100,misc,64.0,512.0,float16,3504872.0,8.75e-05,6.09375e-05,7.5e-05,0.0143,0.0001359375,1.6667,1986.3333,40960.0,26.3333,36.04,3.0,11.7,8500.0,"NVIDIA A100-PCIE-40GB
",2436.23,4492.0
132,cuda,cuda,mobilenetv2_100,misc,16.0,1024.0,float32,3504872.0,0.0003125,0.00011875,6.25e-06,0.0069,0.000125,10.3333,1986.3333,40960.0,27.0,35.97,3.0,11.7,8500.0,"NVIDIA A100-PCIE-40GB
",2436.23,4492.0
133,cuda,cuda,mobilenetv2_100,misc,16.0,512.0,float32,3504872.0,0.00031875,0.00011875,6.25e-06,0.007,0.000125,13.0,1986.3333,40960.0,26.6667,35.4067,3.0,11.7,8500.0,"NVIDIA A100-PCIE-40GB
",2436.23,4492.0
134,cuda,cuda,mobilenetv2_100,misc,32.0,1024.0,float32,3504872.0,0.000153125,0.000115625,8.75e-05,0.0114,0.00020312500000000002,13.0,1986.3333,40960.0,27.3333,35.5067,3.0,11.7,8500.0,"NVIDIA A100-PCIE-40GB
",2436.23,4492.0
135,cuda,cuda,mobilenetv2_100,misc,32.0,512.0,float32,3504872.0,0.000153125,0.000115625,8.75e-05,0.0115,0.00020312500000000002,11.3333,1986.3333,40960.0,27.0,38.83,3.0,11.7,8500.0,"NVIDIA A100-PCIE-40GB
",2436.23,4492.0
136,cuda,cuda,mobilenetv2_100,misc,64.0,1024.0,float32,3504872.0,8.59375e-05,8.90625e-05,0.0001328125,0.0198,0.000221875,13.3333,1986.3333,40960.0,27.6667,44.5767,3.0,11.7,8500.0,"NVIDIA A100-PCIE-40GB
",2436.23,4492.0
137,cuda,cuda,mobilenetv2_100,misc,64.0,512.0,float32,3504872.0,8.59375e-05,9.0625e-05,0.000134375,0.0198,0.000225,11.6667,1986.3333,40960.0,27.6667,37.2467,3.0,11.7,8500.0,"NVIDIA A100-PCIE-40GB
",2436.23,4492.0
138,cuda,cuda,mobilenetv2_100,misc,16.0,1024.0,float64,3504872.0,0.0002875,0.00023125,0.00018125,0.0112,0.0004125,8.0,1986.3333,40960.0,27.6667,35.6333,3.0,11.7,8500.0,"NVIDIA A100-PCIE-40GB
",2436.23,4492.0
139,cuda,cuda,mobilenetv2_100,misc,16.0,512.0,float64,3504872.0,0.0002875,0.00023125,0.00018125,0.0112,0.0004125,7.3333,1986.3333,40960.0,27.3333,35.9,3.0,11.7,8500.0,"NVIDIA A100-PCIE-40GB
",2436.23,4492.0
140,cuda,cuda,mobilenetv2_100,misc,32.0,1024.0,float64,3504872.0,0.000159375,0.000178125,0.000303125,0.0205,0.00048125,7.3333,1986.3333,40960.0,27.6667,35.54,3.0,11.7,8500.0,"NVIDIA A100-PCIE-40GB
",2436.23,4492.0
141,cuda,cuda,mobilenetv2_100,misc,32.0,512.0,float64,3504872.0,0.000159375,0.00018125,0.000303125,0.0206,0.000484375,8.0,1986.3333,40960.0,27.6667,39.6533,3.0,11.7,8500.0,"NVIDIA A100-PCIE-40GB
",2436.23,4492.0
142,cuda,cuda,mobilenetv2_100,misc,64.0,1024.0,float64,3504872.0,7.96875e-05,0.000178125,0.000353125,0.0391,0.00053125,6.3333,1986.3333,40960.0,27.6667,47.0867,3.0,11.7,8500.0,"NVIDIA A100-PCIE-40GB
",2436.23,4492.0
143,cuda,cuda,mobilenetv2_100,misc,64.0,512.0,float64,3504872.0,7.96875e-05,0.000178125,0.000353125,0.0391,0.00053125,6.3333,1986.3333,40960.0,27.6667,36.33,3.0,11.7,8500.0,"NVIDIA A100-PCIE-40GB
",2436.23,4492.0
144,cuda,cuda,nasnetalarge,misc,16.0,1024.0,bfloat16,88753150.0,0.0021,6.25e-05,0.0,0.0346,6.25e-05,11.3333,2009.0,40960.0,32.0,45.36,3.0,11.7,8500.0,"NVIDIA A100-PCIE-40GB
",2436.23,4560.0
145,cuda,cuda,nasnetalarge,misc,16.0,512.0,bfloat16,88753150.0,0.0021,6.25e-05,0.0,0.0347,6.25e-05,11.3333,2009.0,40960.0,31.3333,79.99,3.0,11.7,8500.0,"NVIDIA A100-PCIE-40GB
",2436.23,4560.0
146,cuda,cuda,nasnetalarge,misc,32.0,1024.0,bfloat16,88753150.0,0.0011375,5.9375e-05,0.000628125,0.0584,0.0006875,9.6667,2009.0,40960.0,32.6667,96.8367,3.0,11.7,8500.0,"NVIDIA A100-PCIE-40GB
",2436.23,4560.0
147,cuda,cuda,nasnetalarge,misc,32.0,512.0,bfloat16,88753150.0,0.0011375,5.9375e-05,0.000625,0.0583,0.000684375,14.3333,2009.0,40960.0,32.6667,96.5467,3.0,11.7,8500.0,"NVIDIA A100-PCIE-40GB
",2436.23,4560.0
148,cuda,cuda,nasnetalarge,misc,64.0,1024.0,bfloat16,88753150.0,0.001075,6.09375e-05,0.000540625,0.1072,0.0006015625,15.6667,2009.0,40960.0,33.3333,99.3433,3.0,11.7,8500.0,"NVIDIA A100-PCIE-40GB
",2436.23,4560.0
149,cuda,cuda,nasnetalarge,misc,64.0,512.0,bfloat16,88753150.0,0.001075,6.09375e-05,0.000540625,0.1073,0.0006015625,4.3333,2009.0,40960.0,33.3333,47.98,3.0,11.7,8500.0,"NVIDIA A100-PCIE-40GB
",2436.23,4560.0
150,cuda,cuda,nasnetalarge,misc,16.0,1024.0,float16,88753150.0,0.00215625,6.25e-05,0.00035625,0.0412,0.00041875,6.6667,2009.0,40960.0,27.6667,36.1333,3.0,11.7,8500.0,"NVIDIA A100-PCIE-40GB
",2436.23,4560.0
151,cuda,cuda,nasnetalarge,misc,16.0,512.0,float16,88753150.0,0.0022375,6.25e-05,0.00035,0.0423,0.0004125,10.3333,2009.0,40960.0,28.0,52.35,3.0,11.7,8500.0,"NVIDIA A100-PCIE-40GB
",2436.23,4560.0
152,cuda,cuda,nasnetalarge,misc,32.0,1024.0,float16,88753150.0,0.001496875,5.9375e-05,0.000959375,0.0805,0.0010187500000000001,6.3333,2009.0,40960.0,27.3333,35.58,3.0,11.7,8500.0,"NVIDIA A100-PCIE-40GB
",2436.23,4560.0
153,cuda,cuda,nasnetalarge,misc,32.0,512.0,float16,88753150.0,0.0015,5.9375e-05,0.000959375,0.0805,0.0010187500000000001,6.6667,2009.0,40960.0,27.3333,51.4,3.0,11.7,8500.0,"NVIDIA A100-PCIE-40GB
",2436.23,4560.0
154,cuda,cuda,nasnetalarge,misc,64.0,1024.0,float16,88753150.0,0.0008421875,6.09375e-05,0.0004453125,0.0863,0.00050625,0.0,2009.0,40960.0,30.6667,99.1133,3.0,11.7,8500.0,"NVIDIA A100-PCIE-40GB
",2436.23,4560.0
155,cuda,cuda,nasnetalarge,misc,64.0,512.0,float16,88753150.0,0.000846875,6.5625e-05,0.0004453125,0.0869,0.0005109375,9.3333,2009.0,40960.0,30.3333,104.22,3.0,11.7,8500.0,"NVIDIA A100-PCIE-40GB
",2436.23,4560.0
156,cuda,cuda,nasnetalarge,misc,16.0,1024.0,float32,88753150.0,0.00216875,0.00011875,0.00018125,0.0395,0.0003,26.0,2009.0,40960.0,37.3333,54.68,3.0,11.7,8500.0,"NVIDIA A100-PCIE-40GB
",2436.23,4560.0
157,cuda,cuda,nasnetalarge,misc,16.0,512.0,float32,88753150.0,0.00214375,0.00011875,0.00020625,0.0394,0.000325,19.6667,2009.0,40960.0,35.6667,48.0,3.0,11.7,8500.0,"NVIDIA A100-PCIE-40GB
",2436.23,4560.0
158,cuda,cuda,nasnetalarge,misc,32.0,1024.0,float32,88753150.0,0.001175,0.00011875,0.001,0.0734,0.00111875,27.0,2009.0,40960.0,39.0,110.9967,3.0,11.7,8500.0,"NVIDIA A100-PCIE-40GB
",2436.23,4560.0
159,cuda,cuda,nasnetalarge,misc,32.0,512.0,float32,88753150.0,0.001175,0.00011875,0.000990625,0.0731,0.001109375,25.0,2009.0,40960.0,38.3333,51.3267,3.0,11.7,8500.0,"NVIDIA A100-PCIE-40GB
",2436.23,4560.0
160,cuda,cuda,nasnetalarge,misc,64.0,1024.0,float32,88753150.0,0.0010171875,0.00011875,0.0010375,0.1391,0.00115625,27.0,2009.0,40960.0,39.0,102.0067,3.0,11.7,8500.0,"NVIDIA A100-PCIE-40GB
",3110.73,4560.0
161,cuda,cuda,nasnetalarge,misc,64.0,512.0,float32,88753150.0,0.0010171875,0.00011875,0.0010375,0.1391,0.00115625,25.6667,2009.0,40960.0,38.6667,51.7867,3.0,11.7,8500.0,"NVIDIA A100-PCIE-40GB
",3110.73,4560.0
162,cuda,cuda,nasnetalarge,misc,16.0,1024.0,float64,88753150.0,0.0019125,0.00024375,0.0024375,0.0735,0.00268125,21.0,2009.0,40960.0,38.3333,119.5733,3.0,11.7,8500.0,"NVIDIA A100-PCIE-40GB
",3110.73,4560.0
163,cuda,cuda,nasnetalarge,misc,16.0,512.0,float64,88753150.0,0.00191875,0.00024375,0.0024375,0.0736,0.00268125,21.0,2009.0,40960.0,38.6667,52.11,3.0,11.7,8500.0,"NVIDIA A100-PCIE-40GB
",3110.73,4560.0
164,cuda,cuda,nasnetalarge,misc,32.0,1024.0,float64,88753150.0,0.00125625,0.0002375,0.003065625,0.1459,0.003303125,21.0,2009.0,40960.0,37.6667,51.3567,3.0,11.7,8500.0,"NVIDIA A100-PCIE-40GB
",3540.55,4560.0
165,cuda,cuda,nasnetalarge,misc,32.0,512.0,float64,88753150.0,0.00125625,0.0002375,0.00306875,0.146,0.0033062499999999997,24.0,2009.0,40960.0,38.0,50.06,3.0,11.7,8500.0,"NVIDIA A100-PCIE-40GB
",3540.55,4560.0
166,cuda,cuda,nasnetalarge,misc,64.0,1024.0,float64,88753150.0,0.0012296875,0.0001703125,0.002990625,0.2809,0.0031609374999999997,33.3333,2695.6667,40960.0,38.0,60.1367,3.0,11.7,8500.0,"NVIDIA A100-PCIE-40GB
",6262.74,6620.0
167,cuda,cuda,nasnetalarge,misc,64.0,512.0,float64,88753150.0,0.0012234375,0.0001703125,0.0029921875,0.2806,0.0031625,33.3333,2695.6667,40960.0,38.0,53.7933,3.0,11.7,8500.0,"NVIDIA A100-PCIE-40GB
",6262.21,6620.0
168,cuda,cuda,resnet101,resnet,16.0,1024.0,bfloat16,44549160.0,0.00065,6.25e-05,0.000175,0.0142,0.0002375,9.0,2695.6667,40960.0,27.0,45.3733,3.0,11.7,8500.0,"NVIDIA A100-PCIE-40GB
",6262.74,6620.0
169,cuda,cuda,resnet101,resnet,16.0,512.0,bfloat16,44549160.0,0.00065625,6.25e-05,0.000175,0.0143,0.0002375,7.0,2695.6667,40960.0,27.0,35.8767,3.0,11.7,8500.0,"NVIDIA A100-PCIE-40GB
",6262.74,6620.0
170,cuda,cuda,resnet101,resnet,32.0,1024.0,bfloat16,44549160.0,0.00033125,5.9375e-05,0.000309375,0.0224,0.00036875000000000005,6.3333,2695.6667,40960.0,27.3333,35.8167,3.0,11.7,8500.0,"NVIDIA A100-PCIE-40GB
",6262.74,6620.0
171,cuda,cuda,resnet101,resnet,32.0,512.0,bfloat16,44549160.0,0.000328125,5.9375e-05,0.0003125,0.0224,0.000371875,7.3333,2695.6667,40960.0,27.0,43.5267,3.0,11.7,8500.0,"NVIDIA A100-PCIE-40GB
",6262.74,6620.0
172,cuda,cuda,resnet101,resnet,64.0,1024.0,bfloat16,44549160.0,0.0001671875,6.09375e-05,0.0003875,0.0393,0.0004484375,6.3333,2695.6667,40960.0,27.3333,61.1133,3.0,11.7,8500.0,"NVIDIA A100-PCIE-40GB
",6262.74,6620.0
173,cuda,cuda,resnet101,resnet,64.0,512.0,bfloat16,44549160.0,0.0001671875,6.09375e-05,0.0003859375,0.0393,0.000446875,6.3333,2695.6667,40960.0,27.3333,35.9433,3.0,11.7,8500.0,"NVIDIA A100-PCIE-40GB
",6262.74,6620.0
174,cuda,cuda,resnet101,resnet,16.0,1024.0,float16,44549160.0,0.00065625,6.25e-05,0.0001625,0.0141,0.000225,4.6667,2695.6667,40960.0,28.0,35.5767,3.0,11.7,8500.0,"NVIDIA A100-PCIE-40GB
",6262.74,6620.0
175,cuda,cuda,resnet101,resnet,16.0,512.0,float16,44549160.0,0.000675,6.25e-05,0.00015625,0.0142,0.00021875,4.6667,2695.6667,40960.0,31.0,47.6667,3.0,11.7,8500.0,"NVIDIA A100-PCIE-40GB
",6262.74,6620.0
176,cuda,cuda,resnet101,resnet,32.0,1024.0,float16,44549160.0,0.00033125,5.9375e-05,0.0002875,0.0217,0.000346875,3.6667,2695.6667,40960.0,26.6667,35.64,3.0,11.7,8500.0,"NVIDIA A100-PCIE-40GB
",6262.74,6620.0
177,cuda,cuda,resnet101,resnet,32.0,512.0,float16,44549160.0,0.000334375,5.9375e-05,0.0002875,0.0218,0.000346875,3.6667,2695.6667,40960.0,27.3333,43.2033,3.0,11.7,8500.0,"NVIDIA A100-PCIE-40GB
",6262.74,6620.0
178,cuda,cuda,resnet101,resnet,64.0,1024.0,float16,44549160.0,0.000165625,6.09375e-05,0.0003703125,0.0381,0.00043125,0.0,2695.6667,40960.0,27.0,38.87,3.0,11.7,8500.0,"NVIDIA A100-PCIE-40GB
",6262.74,6620.0
179,cuda,cuda,resnet101,resnet,64.0,512.0,float16,44549160.0,0.0001671875,6.09375e-05,0.0003671875,0.0381,0.000428125,1.0,2695.6667,40960.0,27.0,43.2567,3.0,11.7,8500.0,"NVIDIA A100-PCIE-40GB
",6262.74,6620.0
180,cuda,cuda,resnet101,resnet,16.0,1024.0,float32,44549160.0,0.0006375,0.00011875,1.875e-05,0.0125,0.0001375,18.6667,2695.6667,40960.0,31.0,72.4167,3.0,11.7,8500.0,"NVIDIA A100-PCIE-40GB
",6262.74,6620.0
181,cuda,cuda,resnet101,resnet,16.0,512.0,float32,44549160.0,0.0006375,0.00011875,2.5e-05,0.0125,0.00014375,18.0,2695.6667,40960.0,29.6667,44.3,3.0,11.7,8500.0,"NVIDIA A100-PCIE-40GB
",6262.74,6620.0
182,cuda,cuda,resnet101,resnet,32.0,1024.0,float32,44549160.0,0.0003125,0.000115625,0.00026875,0.0224,0.000384375,17.6667,2695.6667,40960.0,34.0,102.75,3.0,11.7,8500.0,"NVIDIA A100-PCIE-40GB
",6262.74,6620.0
183,cuda,cuda,resnet101,resnet,32.0,512.0,float32,44549160.0,0.000309375,0.000115625,0.000275,0.0224,0.000390625,18.3333,2695.6667,40960.0,32.3333,48.63,3.0,11.7,8500.0,"NVIDIA A100-PCIE-40GB
",6262.74,6620.0
184,cuda,cuda,resnet101,resnet,64.0,1024.0,float32,44549160.0,0.0001671875,8.4375e-05,0.00038125,0.0405,0.000465625,19.3333,2695.6667,40960.0,35.6667,47.72,3.0,11.7,8500.0,"NVIDIA A100-PCIE-40GB
",6262.74,6620.0
185,cuda,cuda,resnet101,resnet,64.0,512.0,float32,44549160.0,0.0001640625,8.4375e-05,0.0003828125,0.0405,0.00046718750000000005,14.6667,2695.6667,40960.0,34.6667,115.1133,3.0,11.7,8500.0,"NVIDIA A100-PCIE-40GB
",6262.74,6620.0
186,cuda,cuda,resnet101,resnet,16.0,1024.0,float64,44549160.0,0.00063125,0.00024375,0.00445625,0.0852,0.0047,21.0,2695.6667,40960.0,38.3333,95.24,3.0,11.7,8500.0,"NVIDIA A100-PCIE-40GB
",6262.74,6620.0
187,cuda,cuda,resnet101,resnet,16.0,512.0,float64,44549160.0,0.0006125,0.00024375,0.0044375,0.0847,0.00468125,22.6667,2695.6667,40960.0,37.3333,50.8667,3.0,11.7,8500.0,"NVIDIA A100-PCIE-40GB
",6262.74,6620.0
188,cuda,cuda,resnet101,resnet,32.0,1024.0,float64,44549160.0,0.000328125,0.000234375,0.004834375,0.1727,0.00506875,21.0,2695.6667,40960.0,38.3333,107.91,3.0,11.7,8500.0,"NVIDIA A100-PCIE-40GB
",6262.74,6620.0
189,cuda,cuda,resnet101,resnet,32.0,512.0,float64,44549160.0,0.00033125,0.000234375,0.00483125,0.1727,0.005065625,21.0,2695.6667,40960.0,38.3333,53.7,3.0,11.7,8500.0,"NVIDIA A100-PCIE-40GB
",6262.74,6620.0
190,cuda,cuda,resnet101,resnet,64.0,1024.0,float64,44549160.0,0.0001625,0.00019375,0.00473125,0.3257,0.0049250000000000006,33.3333,2695.6667,40960.0,38.3333,93.0333,3.0,11.7,8500.0,"NVIDIA A100-PCIE-40GB
",6262.74,6620.0
191,cuda,cuda,resnet101,resnet,64.0,512.0,float64,44549160.0,0.0001640625,0.000190625,0.0047328125,0.3256,0.0049234375,26.0,2695.6667,40960.0,38.3333,94.8633,3.0,11.7,8500.0,"NVIDIA A100-PCIE-40GB
",6262.74,6620.0
192,cuda,cuda,resnet152,resnet,16.0,1024.0,bfloat16,60192808.0,0.00098125,6.25e-05,0.00019375,0.0198,0.00025624999999999997,9.6667,2695.6667,40960.0,27.3333,36.2,3.0,11.7,8500.0,"NVIDIA A100-PCIE-40GB
",6262.74,6620.0
193,cuda,cuda,resnet152,resnet,16.0,512.0,bfloat16,60192808.0,0.00096875,6.25e-05,0.00020625,0.0198,0.00026875,10.0,2695.6667,40960.0,27.3333,42.4167,3.0,11.7,8500.0,"NVIDIA A100-PCIE-40GB
",6262.74,6620.0
194,cuda,cuda,resnet152,resnet,32.0,1024.0,bfloat16,60192808.0,0.0004875,5.9375e-05,0.0004125,0.0308,0.000471875,10.0,2695.6667,40960.0,27.3333,35.8467,3.0,11.7,8500.0,"NVIDIA A100-PCIE-40GB
",6262.74,6620.0
195,cuda,cuda,resnet152,resnet,32.0,512.0,bfloat16,60192808.0,0.0004875,5.9375e-05,0.000415625,0.0308,0.000475,10.0,2695.6667,40960.0,27.3333,37.9133,3.0,11.7,8500.0,"NVIDIA A100-PCIE-40GB
",6262.74,6620.0
196,cuda,cuda,resnet152,resnet,64.0,1024.0,bfloat16,60192808.0,0.000246875,6.09375e-05,0.000528125,0.0535,0.0005890625,8.6667,2695.6667,40960.0,27.6667,62.31,3.0,11.7,8500.0,"NVIDIA A100-PCIE-40GB
",6262.74,6620.0
197,cuda,cuda,resnet152,resnet,64.0,512.0,bfloat16,60192808.0,0.000246875,6.09375e-05,0.000528125,0.0535,0.0005890625,8.6667,2695.6667,40960.0,27.6667,43.8867,3.0,11.7,8500.0,"NVIDIA A100-PCIE-40GB
",6262.74,6620.0
198,cuda,cuda,resnet152,resnet,16.0,1024.0,float16,60192808.0,0.000975,6.25e-05,0.00019375,0.0197,0.00025624999999999997,6.3333,2695.6667,40960.0,28.0,35.7533,3.0,11.7,8500.0,"NVIDIA A100-PCIE-40GB
",6262.74,6620.0
199,cuda,cuda,resnet152,resnet,16.0,512.0,float16,60192808.0,0.00098125,6.25e-05,0.0001875,0.0197,0.00025,6.3333,2695.6667,40960.0,31.0,36.3633,3.0,11.7,8500.0,"NVIDIA A100-PCIE-40GB
",6262.74,6620.0
200,cuda,cuda,resnet152,resnet,32.0,1024.0,float16,60192808.0,0.00049375,5.9375e-05,0.00038125,0.03,0.00044062500000000004,1.3333,2695.6667,40960.0,27.0,54.4967,3.0,11.7,8500.0,"NVIDIA A100-PCIE-40GB
",6262.74,6620.0
201,cuda,cuda,resnet152,resnet,32.0,512.0,float16,60192808.0,0.000490625,5.9375e-05,0.0003875,0.03,0.000446875,5.0,2695.6667,40960.0,27.3333,52.0767,3.0,11.7,8500.0,"NVIDIA A100-PCIE-40GB
",6262.74,6620.0
202,cuda,cuda,resnet152,resnet,64.0,1024.0,float16,60192808.0,0.0002484375,6.09375e-05,0.0005078125,0.0523,0.00056875,0.0,2695.6667,40960.0,27.0,63.0467,3.0,11.7,8500.0,"NVIDIA A100-PCIE-40GB
",6262.74,6620.0
203,cuda,cuda,resnet152,resnet,64.0,512.0,float16,60192808.0,0.0002453125,6.09375e-05,0.0005109375,0.0523,0.000571875,5.0,2695.6667,40960.0,27.0,40.53,3.0,11.7,8500.0,"NVIDIA A100-PCIE-40GB
",6262.74,6620.0
204,cuda,cuda,resnet152,resnet,16.0,1024.0,float32,60192808.0,0.000925,0.00011875,1.875e-05,0.017,0.0001375,20.3333,2695.6667,40960.0,32.3333,68.1067,3.0,11.7,8500.0,"NVIDIA A100-PCIE-40GB
",6262.74,6620.0
205,cuda,cuda,resnet152,resnet,16.0,512.0,float32,60192808.0,0.0009375,0.00011875,2.5e-05,0.0172,0.00014375,20.0,2695.6667,40960.0,30.3333,44.3033,3.0,11.7,8500.0,"NVIDIA A100-PCIE-40GB
",6262.74,6620.0
206,cuda,cuda,resnet152,resnet,32.0,1024.0,float32,60192808.0,0.000471875,0.000115625,0.000353125,0.03,0.00046875,20.6667,2695.6667,40960.0,35.3333,71.4967,3.0,11.7,8500.0,"NVIDIA A100-PCIE-40GB
",6262.74,6620.0
207,cuda,cuda,resnet152,resnet,32.0,512.0,float32,60192808.0,0.0004625,0.000115625,0.000359375,0.03,0.000475,20.0,2695.6667,40960.0,33.6667,110.25,3.0,11.7,8500.0,"NVIDIA A100-PCIE-40GB
",6262.74,6620.0
208,cuda,cuda,resnet152,resnet,64.0,1024.0,float32,60192808.0,0.00025,8.90625e-05,0.000525,0.0553,0.0006140625,18.6667,2695.6667,40960.0,37.3333,119.77,3.0,11.7,8500.0,"NVIDIA A100-PCIE-40GB
",6262.74,6620.0
209,cuda,cuda,resnet152,resnet,64.0,512.0,float32,60192808.0,0.00025,8.90625e-05,0.0005234375,0.0552,0.0006125,20.6667,2695.6667,40960.0,36.6667,56.5,3.0,11.7,8500.0,"NVIDIA A100-PCIE-40GB
",6262.74,6620.0
210,cuda,cuda,resnet152,resnet,16.0,1024.0,float64,60192808.0,0.00091875,0.00024375,0.00703125,0.1311,0.007275,21.3333,2695.6667,40960.0,39.0,59.4067,3.0,11.7,8500.0,"NVIDIA A100-PCIE-40GB
",6262.74,6620.0
211,cuda,cuda,resnet152,resnet,16.0,512.0,float64,60192808.0,0.00091875,0.00024375,0.007,0.1305,0.00724375,27.0,2695.6667,40960.0,38.6667,52.0233,3.0,11.7,8500.0,"NVIDIA A100-PCIE-40GB
",6262.74,6620.0
212,cuda,cuda,resnet152,resnet,32.0,1024.0,float64,60192808.0,0.000490625,0.0002375,0.0076375,0.2677,0.007875,24.0,2695.6667,40960.0,39.3333,52.5433,3.0,11.7,8500.0,"NVIDIA A100-PCIE-40GB
",6262.74,6620.0
213,cuda,cuda,resnet152,resnet,32.0,512.0,float64,60192808.0,0.000490625,0.0002375,0.007625,0.2673,0.0078625,32.3333,2695.6667,40960.0,39.0,64.15,3.0,11.7,8500.0,"NVIDIA A100-PCIE-40GB
",6262.74,6620.0
214,cuda,cuda,resnet152,resnet,64.0,1024.0,float64,60192808.0,0.000240625,0.0001734375,0.007478125,0.5051,0.0076515625,27.0,2695.6667,40960.0,39.0,51.6267,3.0,11.7,8500.0,"NVIDIA A100-PCIE-40GB
",6262.74,6620.0
215,cuda,cuda,resnet152,resnet,64.0,512.0,float64,60192808.0,0.0002390625,0.0001734375,0.0074859375,0.5056,0.007659375,33.3333,2695.6667,40960.0,39.0,69.9033,3.0,11.7,8500.0,"NVIDIA A100-PCIE-40GB
",6262.74,6620.0
216,cuda,cuda,resnet18,resnet,16.0,1024.0,bfloat16,11689512.0,0.0001375,6.25e-05,6.25e-05,0.0041,0.000125,2.6667,2695.6667,40960.0,26.3333,35.3567,3.0,11.7,8500.0,"NVIDIA A100-PCIE-40GB
",6262.74,6620.0
217,cuda,cuda,resnet18,resnet,16.0,512.0,bfloat16,11689512.0,0.0001625,6.25e-05,5.625e-05,0.0045,0.00011875,2.6667,2695.6667,40960.0,26.3333,35.56,3.0,11.7,8500.0,"NVIDIA A100-PCIE-40GB
",6262.74,6620.0
218,cuda,cuda,resnet18,resnet,32.0,1024.0,bfloat16,11689512.0,6.875e-05,5.9375e-05,8.125e-05,0.0067,0.000140625,2.3333,2695.6667,40960.0,26.3333,35.3167,3.0,11.7,8500.0,"NVIDIA A100-PCIE-40GB
",6262.74,6620.0
219,cuda,cuda,resnet18,resnet,32.0,512.0,bfloat16,11689512.0,7.5e-05,5.9375e-05,8.125e-05,0.0069,0.000140625,2.3333,2695.6667,40960.0,26.3333,35.2467,3.0,11.7,8500.0,"NVIDIA A100-PCIE-40GB
",6262.74,6620.0
220,cuda,cuda,resnet18,resnet,64.0,1024.0,bfloat16,11689512.0,3.59375e-05,6.25e-05,9.6875e-05,0.0125,0.000159375,2.0,2695.6667,40960.0,26.6667,35.2133,3.0,11.7,8500.0,"NVIDIA A100-PCIE-40GB
",6262.74,6620.0
221,cuda,cuda,resnet18,resnet,64.0,512.0,bfloat16,11689512.0,3.59375e-05,6.09375e-05,9.6875e-05,0.0124,0.0001578125,2.0,2695.6667,40960.0,26.6667,44.87,3.0,11.7,8500.0,"NVIDIA A100-PCIE-40GB
",6262.74,6620.0
222,cuda,cuda,resnet18,resnet,16.0,1024.0,float16,11689512.0,0.0001375,6.25e-05,4.375e-05,0.0039,0.00010625000000000001,1.3333,2695.6667,40960.0,27.6667,37.89,3.0,11.7,8500.0,"NVIDIA A100-PCIE-40GB
",6262.74,6620.0
223,cuda,cuda,resnet18,resnet,16.0,512.0,float16,11689512.0,0.0002125,6.25e-05,4.375e-05,0.005,0.00010625000000000001,1.3333,2695.6667,40960.0,30.6667,36.9367,3.0,11.7,8500.0,"NVIDIA A100-PCIE-40GB
",6262.74,6620.0
224,cuda,cuda,resnet18,resnet,32.0,1024.0,float16,11689512.0,6.875e-05,5.9375e-05,6.25e-05,0.0062,0.000121875,1.0,2695.6667,40960.0,26.3333,35.44,3.0,11.7,8500.0,"NVIDIA A100-PCIE-40GB
",6262.74,6620.0
225,cuda,cuda,resnet18,resnet,32.0,512.0,float16,11689512.0,7.5e-05,5.9375e-05,6.5625e-05,0.0064,0.000125,1.0,2695.6667,40960.0,26.6667,36.18,3.0,11.7,8500.0,"NVIDIA A100-PCIE-40GB
",6262.74,6620.0
226,cuda,cuda,resnet18,resnet,64.0,1024.0,float16,11689512.0,3.75e-05,6.09375e-05,7.8125e-05,0.0113,0.0001390625,2.0,2695.6667,40960.0,26.3333,37.3433,3.0,11.7,8500.0,"NVIDIA A100-PCIE-40GB
",6262.74,6620.0
227,cuda,cuda,resnet18,resnet,64.0,512.0,float16,11689512.0,3.90625e-05,6.09375e-05,7.8125e-05,0.0114,0.0001390625,2.0,2695.6667,40960.0,26.3333,38.1667,3.0,11.7,8500.0,"NVIDIA A100-PCIE-40GB
",6262.74,6620.0
228,cuda,cuda,resnet18,resnet,16.0,1024.0,float32,11689512.0,0.00011875,0.00011875,0.0001,0.0053,0.00021875,12.0,2695.6667,40960.0,27.0,35.4733,3.0,11.7,8500.0,"NVIDIA A100-PCIE-40GB
",6262.74,6620.0
229,cuda,cuda,resnet18,resnet,16.0,512.0,float32,11689512.0,0.0001375,0.00011875,0.0001,0.0057,0.00021875,12.0,2695.6667,40960.0,26.6667,39.2267,3.0,11.7,8500.0,"NVIDIA A100-PCIE-40GB
",6262.74,6620.0
230,cuda,cuda,resnet18,resnet,32.0,1024.0,float32,11689512.0,5.625e-05,0.000115625,0.000125,0.0095,0.000240625,9.3333,2695.6667,40960.0,27.6667,35.6433,3.0,11.7,8500.0,"NVIDIA A100-PCIE-40GB
",6262.74,6620.0
231,cuda,cuda,resnet18,resnet,32.0,512.0,float32,11689512.0,6.25e-05,0.000115625,0.000125,0.0096,0.000240625,11.0,2695.6667,40960.0,27.0,37.8333,3.0,11.7,8500.0,"NVIDIA A100-PCIE-40GB
",6262.74,6620.0
232,cuda,cuda,resnet18,resnet,64.0,1024.0,float32,11689512.0,3.4375e-05,7.96875e-05,0.0001296875,0.0156,0.000209375,10.3333,2695.6667,40960.0,28.0,37.9433,3.0,11.7,8500.0,"NVIDIA A100-PCIE-40GB
",6262.74,6620.0
233,cuda,cuda,resnet18,resnet,64.0,512.0,float32,11689512.0,3.59375e-05,7.96875e-05,0.0001296875,0.0157,0.000209375,9.6667,2695.6667,40960.0,27.6667,36.92,3.0,11.7,8500.0,"NVIDIA A100-PCIE-40GB
",6262.74,6620.0
234,cuda,cuda,resnet18,resnet,16.0,1024.0,float64,11689512.0,0.000125,0.00023125,0.0021,0.0394,0.00233125,16.0,2695.6667,40960.0,34.0,104.8067,3.0,11.7,8500.0,"NVIDIA A100-PCIE-40GB
",6262.74,6620.0
235,cuda,cuda,resnet18,resnet,16.0,512.0,float64,11689512.0,0.00015,0.00023125,0.00210625,0.0398,0.0023375,19.3333,2695.6667,40960.0,31.6667,48.65,3.0,11.7,8500.0,"NVIDIA A100-PCIE-40GB
",6262.74,6620.0
236,cuda,cuda,resnet18,resnet,32.0,1024.0,float64,11689512.0,8.125e-05,0.000234375,0.002359375,0.0856,0.0025937499999999997,14.0,2695.6667,40960.0,36.0,106.8133,3.0,11.7,8500.0,"NVIDIA A100-PCIE-40GB
",6262.74,6620.0
237,cuda,cuda,resnet18,resnet,32.0,512.0,float64,11689512.0,8.125e-05,0.000234375,0.002353125,0.0854,0.0025875000000000004,16.6667,2695.6667,40960.0,35.3333,105.3633,3.0,11.7,8500.0,"NVIDIA A100-PCIE-40GB
",6262.74,6620.0
238,cuda,cuda,resnet18,resnet,64.0,1024.0,float64,11689512.0,4.0625e-05,0.0001734375,0.0022984375,0.1608,0.002471875,18.0,2695.6667,40960.0,36.6667,112.2767,3.0,11.7,8500.0,"NVIDIA A100-PCIE-40GB
",6262.74,6620.0
239,cuda,cuda,resnet18,resnet,64.0,512.0,float64,11689512.0,4.0625e-05,0.000175,0.0022953125,0.1607,0.0024703125,16.6667,2695.6667,40960.0,36.3333,50.9733,3.0,11.7,8500.0,"NVIDIA A100-PCIE-40GB
",6262.74,6620.0
240,cuda,cuda,resnet26,resnet,16.0,1024.0,bfloat16,15995176.0,0.0001875,6.25e-05,0.000125,0.006,0.0001875,4.0,2695.6667,40960.0,26.6667,35.35,3.0,11.7,8500.0,"NVIDIA A100-PCIE-40GB
",6262.74,6620.0
241,cuda,cuda,resnet26,resnet,16.0,512.0,bfloat16,15995176.0,0.00019375,6.25e-05,0.000125,0.0061,0.0001875,3.0,2695.6667,40960.0,26.3333,35.1567,3.0,11.7,8500.0,"NVIDIA A100-PCIE-40GB
",6262.74,6620.0
242,cuda,cuda,resnet26,resnet,32.0,1024.0,bfloat16,15995176.0,9.375e-05,5.9375e-05,0.000159375,0.01,0.00021875,3.3333,2695.6667,40960.0,26.6667,45.8167,3.0,11.7,8500.0,"NVIDIA A100-PCIE-40GB
",6262.74,6620.0
243,cuda,cuda,resnet26,resnet,32.0,512.0,bfloat16,15995176.0,9.6875e-05,5.9375e-05,0.000159375,0.0101,0.00021875,3.3333,2695.6667,40960.0,26.6667,35.18,3.0,11.7,8500.0,"NVIDIA A100-PCIE-40GB
",6262.74,6620.0
244,cuda,cuda,resnet26,resnet,64.0,1024.0,bfloat16,15995176.0,4.84375e-05,6.09375e-05,0.0001765625,0.0184,0.00023749999999999997,3.0,2695.6667,40960.0,26.6667,52.63,3.0,11.7,8500.0,"NVIDIA A100-PCIE-40GB
",6262.74,6620.0
245,cuda,cuda,resnet26,resnet,64.0,512.0,bfloat16,15995176.0,5e-05,6.09375e-05,0.0001765625,0.0185,0.00023749999999999997,3.0,2695.6667,40960.0,26.6667,37.8,3.0,11.7,8500.0,"NVIDIA A100-PCIE-40GB
",6262.74,6620.0
246,cuda,cuda,resnet26,resnet,16.0,1024.0,float16,15995176.0,0.0001875,6.25e-05,0.00010625,0.0057,0.00016875,2.0,2695.6667,40960.0,28.0,35.4833,3.0,11.7,8500.0,"NVIDIA A100-PCIE-40GB
",6262.74,6620.0
247,cuda,cuda,resnet26,resnet,16.0,512.0,float16,15995176.0,0.0002,6.25e-05,0.00010625,0.0059,0.00016875,2.0,2695.6667,40960.0,31.0,37.5567,3.0,11.7,8500.0,"NVIDIA A100-PCIE-40GB
",6262.74,6620.0
248,cuda,cuda,resnet26,resnet,32.0,1024.0,float16,15995176.0,9.6875e-05,5.9375e-05,0.0001375,0.0094,0.000196875,1.6667,2695.6667,40960.0,26.3333,35.9433,3.0,11.7,8500.0,"NVIDIA A100-PCIE-40GB
",6262.74,6620.0
249,cuda,cuda,resnet26,resnet,32.0,512.0,float16,15995176.0,0.0001,5.9375e-05,0.0001375,0.0095,0.000196875,1.6667,2695.6667,40960.0,27.3333,41.0033,3.0,11.7,8500.0,"NVIDIA A100-PCIE-40GB
",6262.74,6620.0
250,cuda,cuda,resnet26,resnet,64.0,1024.0,float16,15995176.0,4.84375e-05,6.09375e-05,0.000159375,0.0172,0.00022031250000000002,2.6667,2695.6667,40960.0,26.3333,35.93,3.0,11.7,8500.0,"NVIDIA A100-PCIE-40GB
",6262.74,6620.0
251,cuda,cuda,resnet26,resnet,64.0,512.0,float16,15995176.0,5.3125e-05,6.09375e-05,0.0001578125,0.0175,0.00021874999999999998,2.6667,2695.6667,40960.0,26.3333,41.9433,3.0,11.7,8500.0,"NVIDIA A100-PCIE-40GB
",6262.74,6620.0
252,cuda,cuda,resnet26,resnet,16.0,1024.0,float32,15995176.0,0.00018125,0.00011875,0.0001,0.0063,0.00021875,10.3333,2695.6667,40960.0,28.0,39.5067,3.0,11.7,8500.0,"NVIDIA A100-PCIE-40GB
",6262.74,6620.0
253,cuda,cuda,resnet26,resnet,16.0,512.0,float32,15995176.0,0.00021875,0.00011875,0.0001125,0.0071,0.00023125,13.3333,2695.6667,40960.0,27.6667,40.4,3.0,11.7,8500.0,"NVIDIA A100-PCIE-40GB
",6262.74,6620.0
254,cuda,cuda,resnet26,resnet,32.0,1024.0,float32,15995176.0,8.75e-05,0.000115625,0.0001625,0.0117,0.000278125,13.3333,2695.6667,40960.0,29.0,50.9933,3.0,11.7,8500.0,"NVIDIA A100-PCIE-40GB
",6262.74,6620.0
255,cuda,cuda,resnet26,resnet,32.0,512.0,float32,15995176.0,8.75e-05,0.000115625,0.0001625,0.0117,0.000278125,11.3333,2695.6667,40960.0,28.6667,45.26,3.0,11.7,8500.0,"NVIDIA A100-PCIE-40GB
",6262.74,6620.0
256,cuda,cuda,resnet26,resnet,64.0,1024.0,float32,15995176.0,5.15625e-05,8.75e-05,0.0001875,0.0209,0.000275,13.3333,2695.6667,40960.0,29.3333,40.2633,3.0,11.7,8500.0,"NVIDIA A100-PCIE-40GB
",6262.74,6620.0
257,cuda,cuda,resnet26,resnet,64.0,512.0,float32,15995176.0,5.15625e-05,8.59375e-05,0.000190625,0.021,0.0002765625,14.3333,2695.6667,40960.0,29.3333,40.7267,3.0,11.7,8500.0,"NVIDIA A100-PCIE-40GB
",6262.74,6620.0
258,cuda,cuda,resnet26,resnet,16.0,1024.0,float64,15995176.0,0.00016875,0.00023125,0.0021125,0.0403,0.00234375,16.3333,2695.6667,40960.0,34.6667,104.8133,3.0,11.7,8500.0,"NVIDIA A100-PCIE-40GB
",6262.74,6620.0
259,cuda,cuda,resnet26,resnet,16.0,512.0,float64,15995176.0,0.00016875,0.00023125,0.0021125,0.0402,0.00234375,14.0,2695.6667,40960.0,32.6667,46.0767,3.0,11.7,8500.0,"NVIDIA A100-PCIE-40GB
",6262.74,6620.0
260,cuda,cuda,resnet26,resnet,32.0,1024.0,float64,15995176.0,0.0001,0.000234375,0.002321875,0.0849,0.0025562500000000004,21.0,2695.6667,40960.0,36.3333,48.0133,3.0,11.7,8500.0,"NVIDIA A100-PCIE-40GB
",6262.74,6620.0
261,cuda,cuda,resnet26,resnet,32.0,512.0,float64,15995176.0,0.00010625,0.000234375,0.002321875,0.0852,0.0025562500000000004,15.6667,2695.6667,40960.0,35.6667,61.01,3.0,11.7,8500.0,"NVIDIA A100-PCIE-40GB
",6262.74,6620.0
262,cuda,cuda,resnet26,resnet,64.0,1024.0,float64,15995176.0,6.5625e-05,0.0001875,0.0023171875,0.1645,0.0025046875,24.6667,2695.6667,40960.0,36.0,53.19,3.0,11.7,8500.0,"NVIDIA A100-PCIE-40GB
",6262.74,6620.0
263,cuda,cuda,resnet26,resnet,64.0,512.0,float64,15995176.0,5e-05,0.000175,0.002315625,0.1626,0.002490625,18.3333,2695.6667,40960.0,36.0,49.31,3.0,11.7,8500.0,"NVIDIA A100-PCIE-40GB
",6262.74,6620.0
264,cuda,cuda,resnet34,resnet,16.0,1024.0,bfloat16,21797672.0,0.0002375,6.25e-05,7.5e-05,0.006,0.00013749999999999998,4.0,2695.6667,40960.0,27.0,35.48,3.0,11.7,8500.0,"NVIDIA A100-PCIE-40GB
",6262.74,6620.0
265,cuda,cuda,resnet34,resnet,16.0,512.0,bfloat16,21797672.0,0.00024375,6.25e-05,7.5e-05,0.006,0.00013749999999999998,3.3333,2695.6667,40960.0,26.6667,35.42,3.0,11.7,8500.0,"NVIDIA A100-PCIE-40GB
",6262.74,6620.0
266,cuda,cuda,resnet34,resnet,32.0,1024.0,bfloat16,21797672.0,0.000121875,5.9375e-05,0.0001125,0.0094,0.000171875,2.6667,2695.6667,40960.0,26.6667,36.63,3.0,11.7,8500.0,"NVIDIA A100-PCIE-40GB
",6262.74,6620.0
267,cuda,cuda,resnet34,resnet,32.0,512.0,bfloat16,21797672.0,0.000121875,5.9375e-05,0.0001125,0.0094,0.000171875,3.0,2695.6667,40960.0,27.0,35.38,3.0,11.7,8500.0,"NVIDIA A100-PCIE-40GB
",6262.74,6620.0
268,cuda,cuda,resnet34,resnet,64.0,1024.0,bfloat16,21797672.0,6.25e-05,6.09375e-05,0.0001390625,0.0168,0.00019999999999999998,2.6667,2695.6667,40960.0,27.0,35.25,3.0,11.7,8500.0,"NVIDIA A100-PCIE-40GB
",6262.74,6620.0
269,cuda,cuda,resnet34,resnet,64.0,512.0,bfloat16,21797672.0,6.25e-05,6.09375e-05,0.0001390625,0.0168,0.00019999999999999998,2.6667,2695.6667,40960.0,26.6667,41.8867,3.0,11.7,8500.0,"NVIDIA A100-PCIE-40GB
",6262.74,6620.0
270,cuda,cuda,resnet34,resnet,16.0,1024.0,float16,21797672.0,0.00024375,6.25e-05,6.25e-05,0.0058,0.000125,2.0,2695.6667,40960.0,27.6667,40.45,3.0,11.7,8500.0,"NVIDIA A100-PCIE-40GB
",6262.74,6620.0
271,cuda,cuda,resnet34,resnet,16.0,512.0,float16,21797672.0,0.00025625,6.25e-05,5.625e-05,0.006,0.00011875,2.0,2695.6667,40960.0,30.3333,36.21,3.0,11.7,8500.0,"NVIDIA A100-PCIE-40GB
",6262.74,6620.0
272,cuda,cuda,resnet34,resnet,32.0,1024.0,float16,21797672.0,0.000121875,5.9375e-05,9.6875e-05,0.0089,0.00015625,1.3333,2695.6667,40960.0,26.3333,35.3133,3.0,11.7,8500.0,"NVIDIA A100-PCIE-40GB
",6262.74,6620.0
273,cuda,cuda,resnet34,resnet,32.0,512.0,float16,21797672.0,0.000121875,6.25e-05,9.375e-05,0.009,0.00015625,1.3333,2695.6667,40960.0,27.0,35.5767,3.0,11.7,8500.0,"NVIDIA A100-PCIE-40GB
",6262.74,6620.0
274,cuda,cuda,resnet34,resnet,64.0,1024.0,float16,21797672.0,6.25e-05,6.09375e-05,0.000121875,0.0157,0.00018281249999999998,0.0,2695.6667,40960.0,26.6667,35.5467,3.0,11.7,8500.0,"NVIDIA A100-PCIE-40GB
",6262.74,6620.0
275,cuda,cuda,resnet34,resnet,64.0,512.0,float16,21797672.0,6.25e-05,6.09375e-05,0.000121875,0.0157,0.00018281249999999998,0.0,2695.6667,40960.0,26.3333,38.3033,3.0,11.7,8500.0,"NVIDIA A100-PCIE-40GB
",6262.74,6620.0
276,cuda,cuda,resnet34,resnet,16.0,1024.0,float32,21797672.0,0.00020625,0.00011875,7.5e-05,0.0063,0.00019375,11.3333,2695.6667,40960.0,27.6667,37.5067,3.0,11.7,8500.0,"NVIDIA A100-PCIE-40GB
",6262.74,6620.0
277,cuda,cuda,resnet34,resnet,16.0,512.0,float32,21797672.0,0.00020625,0.00011875,8.125e-05,0.0064,0.00019999999999999998,13.3333,2695.6667,40960.0,27.3333,43.1567,3.0,11.7,8500.0,"NVIDIA A100-PCIE-40GB
",6262.74,6620.0
278,cuda,cuda,resnet34,resnet,32.0,1024.0,float32,21797672.0,0.0001,0.000115625,0.000146875,0.0116,0.00026250000000000004,13.3333,2695.6667,40960.0,28.3333,46.4667,3.0,11.7,8500.0,"NVIDIA A100-PCIE-40GB
",6262.74,6620.0
279,cuda,cuda,resnet34,resnet,32.0,512.0,float32,21797672.0,0.0001,0.000115625,0.000146875,0.0116,0.00026250000000000004,12.0,2695.6667,40960.0,28.0,46.3733,3.0,11.7,8500.0,"NVIDIA A100-PCIE-40GB
",6262.74,6620.0
280,cuda,cuda,resnet34,resnet,64.0,1024.0,float32,21797672.0,5.625e-05,8.59375e-05,0.0001828125,0.0208,0.00026875,10.0,2695.6667,40960.0,28.6667,36.43,3.0,11.7,8500.0,"NVIDIA A100-PCIE-40GB
",6262.74,6620.0
281,cuda,cuda,resnet34,resnet,64.0,512.0,float32,21797672.0,5.78125e-05,8.90625e-05,0.000178125,0.0208,0.0002671875,10.3333,2695.6667,40960.0,28.3333,36.3667,3.0,11.7,8500.0,"NVIDIA A100-PCIE-40GB
",6262.74,6620.0
282,cuda,cuda,resnet34,resnet,16.0,1024.0,float64,21797672.0,0.0002375,0.00024375,0.00423125,0.0754,0.004475,22.6667,2695.6667,40960.0,36.6667,50.1733,3.0,11.7,8500.0,"NVIDIA A100-PCIE-40GB
",6262.74,6620.0
283,cuda,cuda,resnet34,resnet,16.0,512.0,float64,21797672.0,0.0002375,0.00024375,0.00421875,0.0752,0.0044625,21.0,2695.6667,40960.0,34.0,46.73,3.0,11.7,8500.0,"NVIDIA A100-PCIE-40GB
",6262.74,6620.0
284,cuda,cuda,resnet34,resnet,32.0,1024.0,float64,21797672.0,0.000134375,0.000234375,0.004753125,0.1638,0.004987500000000001,25.0,2695.6667,40960.0,38.3333,103.3333,3.0,11.7,8500.0,"NVIDIA A100-PCIE-40GB
",6262.74,6620.0
285,cuda,cuda,resnet34,resnet,32.0,512.0,float64,21797672.0,0.000134375,0.0002375,0.004734375,0.1634,0.004971875,23.3333,2695.6667,40960.0,38.0,55.4533,3.0,11.7,8500.0,"NVIDIA A100-PCIE-40GB
",6262.74,6620.0
286,cuda,cuda,resnet34,resnet,64.0,1024.0,float64,21797672.0,7.03125e-05,0.0001859375,0.004575,0.3092,0.0047609375,33.3333,2695.6667,40960.0,38.3333,100.8467,3.0,11.7,8500.0,"NVIDIA A100-PCIE-40GB
",6262.74,6620.0
287,cuda,cuda,resnet34,resnet,64.0,512.0,float64,21797672.0,6.875e-05,0.0001734375,0.004575,0.3083,0.0047484375,31.6667,2695.6667,40960.0,38.3333,52.5233,3.0,11.7,8500.0,"NVIDIA A100-PCIE-40GB
",6262.74,6620.0
288,cuda,cuda,resnet50,resnet,16.0,1024.0,bfloat16,25557032.0,0.0003375,6.25e-05,0.00015,0.0088,0.0002125,4.6667,2695.6667,40960.0,26.6667,35.4133,3.0,11.7,8500.0,"NVIDIA A100-PCIE-40GB
",6262.74,6620.0
289,cuda,cuda,resnet50,resnet,16.0,512.0,bfloat16,25557032.0,0.00035625,6.25e-05,0.00015,0.0091,0.0002125,4.3333,2695.6667,40960.0,26.6667,37.9467,3.0,11.7,8500.0,"NVIDIA A100-PCIE-40GB
",6262.74,6620.0
290,cuda,cuda,resnet50,resnet,32.0,1024.0,bfloat16,25557032.0,0.00016875,5.9375e-05,0.000221875,0.0144,0.00028125000000000003,2.6667,2695.6667,40960.0,27.0,35.5433,3.0,11.7,8500.0,"NVIDIA A100-PCIE-40GB
",6262.74,6620.0
291,cuda,cuda,resnet50,resnet,32.0,512.0,bfloat16,25557032.0,0.000171875,5.9375e-05,0.000221875,0.0144,0.00028125000000000003,4.6667,2695.6667,40960.0,27.0,41.59,3.0,11.7,8500.0,"NVIDIA A100-PCIE-40GB
",6262.74,6620.0
292,cuda,cuda,resnet50,resnet,64.0,1024.0,bfloat16,25557032.0,8.59375e-05,6.09375e-05,0.0002578125,0.026,0.00031875,4.3333,2695.6667,40960.0,27.0,36.0267,3.0,11.7,8500.0,"NVIDIA A100-PCIE-40GB
",6262.74,6620.0
293,cuda,cuda,resnet50,resnet,64.0,512.0,bfloat16,25557032.0,8.75e-05,6.09375e-05,0.0002578125,0.026,0.00031875,4.3333,2695.6667,40960.0,27.0,53.7433,3.0,11.7,8500.0,"NVIDIA A100-PCIE-40GB
",6262.74,6620.0
294,cuda,cuda,resnet50,resnet,16.0,1024.0,float16,25557032.0,0.00034375,6.25e-05,0.0001375,0.0087,0.0002,2.6667,2695.6667,40960.0,28.0,35.6033,3.0,11.7,8500.0,"NVIDIA A100-PCIE-40GB
",6262.74,6620.0
295,cuda,cuda,resnet50,resnet,16.0,512.0,float16,25557032.0,0.00034375,6.25e-05,0.00013125,0.0087,0.00019375,2.6667,2695.6667,40960.0,31.3333,36.5433,3.0,11.7,8500.0,"NVIDIA A100-PCIE-40GB
",6262.74,6620.0
296,cuda,cuda,resnet50,resnet,32.0,1024.0,float16,25557032.0,0.000171875,5.9375e-05,0.0002,0.0138,0.000259375,2.3333,2695.6667,40960.0,26.6667,38.1067,3.0,11.7,8500.0,"NVIDIA A100-PCIE-40GB
",6262.74,6620.0
297,cuda,cuda,resnet50,resnet,32.0,512.0,float16,25557032.0,0.000171875,5.9375e-05,0.0002,0.0139,0.000259375,2.3333,2695.6667,40960.0,27.3333,41.6533,3.0,11.7,8500.0,"NVIDIA A100-PCIE-40GB
",6262.74,6620.0
298,cuda,cuda,resnet50,resnet,64.0,1024.0,float16,25557032.0,9.21875e-05,6.09375e-05,0.0002390625,0.0252,0.0003,0.0,2695.6667,40960.0,26.6667,35.5067,3.0,11.7,8500.0,"NVIDIA A100-PCIE-40GB
",6262.74,6620.0
299,cuda,cuda,resnet50,resnet,64.0,512.0,float16,25557032.0,8.90625e-05,6.09375e-05,0.0002375,0.0248,0.0002984375,0.0,2695.6667,40960.0,26.6667,38.83,3.0,11.7,8500.0,"NVIDIA A100-PCIE-40GB
",6262.74,6620.0
300,cuda,cuda,resnet50,resnet,16.0,1024.0,float32,25557032.0,0.00033125,0.00011875,8.125e-05,0.0085,0.00019999999999999998,15.3333,2695.6667,40960.0,29.6667,43.4133,3.0,11.7,8500.0,"NVIDIA A100-PCIE-40GB
",6262.74,6620.0
301,cuda,cuda,resnet50,resnet,16.0,512.0,float32,25557032.0,0.00034375,0.00011875,9.375e-05,0.0089,0.00021250000000000002,14.3333,2695.6667,40960.0,28.6667,43.8133,3.0,11.7,8500.0,"NVIDIA A100-PCIE-40GB
",6262.74,6620.0
302,cuda,cuda,resnet50,resnet,32.0,1024.0,float32,25557032.0,0.000159375,0.00011875,0.0002125,0.0156,0.00033125,14.3333,2695.6667,40960.0,31.6667,45.31,3.0,11.7,8500.0,"NVIDIA A100-PCIE-40GB
",6262.74,6620.0
303,cuda,cuda,resnet50,resnet,32.0,512.0,float32,25557032.0,0.000159375,0.00011875,0.0002125,0.0157,0.00033125,15.3333,2695.6667,40960.0,30.6667,48.7433,3.0,11.7,8500.0,"NVIDIA A100-PCIE-40GB
",6262.74,6620.0
304,cuda,cuda,resnet50,resnet,64.0,1024.0,float32,25557032.0,8.59375e-05,8.75e-05,0.000265625,0.0282,0.00035312500000000003,14.0,2695.6667,40960.0,33.6667,48.4233,3.0,11.7,8500.0,"NVIDIA A100-PCIE-40GB
",6262.74,6620.0
305,cuda,cuda,resnet50,resnet,64.0,512.0,float32,25557032.0,8.75e-05,8.75e-05,0.0002640625,0.0281,0.0003515625,13.6667,2695.6667,40960.0,32.6667,48.85,3.0,11.7,8500.0,"NVIDIA A100-PCIE-40GB
",6262.74,6620.0
306,cuda,cuda,resnet50,resnet,16.0,1024.0,float64,25557032.0,0.00030625,0.00023125,0.00339375,0.0629,0.003625,20.6667,2695.6667,40960.0,37.3333,55.6333,3.0,11.7,8500.0,"NVIDIA A100-PCIE-40GB
",6262.74,6620.0
307,cuda,cuda,resnet50,resnet,16.0,512.0,float64,25557032.0,0.00035,0.00023125,0.003375,0.0633,0.00360625,21.0,2695.6667,40960.0,36.0,109.5033,3.0,11.7,8500.0,"NVIDIA A100-PCIE-40GB
",6262.74,6620.0
308,cuda,cuda,resnet50,resnet,32.0,1024.0,float64,25557032.0,0.000175,0.000234375,0.00375,0.1332,0.003984375,21.0,2695.6667,40960.0,37.6667,106.0333,3.0,11.7,8500.0,"NVIDIA A100-PCIE-40GB
",6262.74,6620.0
309,cuda,cuda,resnet50,resnet,32.0,512.0,float64,25557032.0,0.00018125,0.0002375,0.00374375,0.1332,0.00398125,21.0,2695.6667,40960.0,37.6667,112.54,3.0,11.7,8500.0,"NVIDIA A100-PCIE-40GB
",6262.74,6620.0
310,cuda,cuda,resnet50,resnet,64.0,1024.0,float64,25557032.0,8.75e-05,0.000175,0.0037140625,0.2545,0.0038890624999999997,32.3333,2695.6667,40960.0,37.6667,49.1,3.0,11.7,8500.0,"NVIDIA A100-PCIE-40GB
",6262.74,6620.0
311,cuda,cuda,resnet50,resnet,64.0,512.0,float64,25557032.0,8.75e-05,0.0001734375,0.003703125,0.2538,0.0038765625,33.3333,2695.6667,40960.0,38.0,49.82,3.0,11.7,8500.0,"NVIDIA A100-PCIE-40GB
",6262.74,6620.0
312,cuda,cuda,vgg11,vgg,16.0,1024.0,bfloat16,132863336.0,5e-05,6.25e-05,0.00035625,0.0075,0.00041875,3.6667,2695.6667,40960.0,27.0,35.7133,3.0,11.7,8500.0,"NVIDIA A100-PCIE-40GB
",6262.74,6620.0
313,cuda,cuda,vgg11,vgg,16.0,512.0,bfloat16,132863336.0,6.25e-05,6.25e-05,0.00035625,0.0077,0.00041875,3.6667,2695.6667,40960.0,26.6667,36.8667,3.0,11.7,8500.0,"NVIDIA A100-PCIE-40GB
",6262.74,6620.0
314,cuda,cuda,vgg11,vgg,32.0,1024.0,bfloat16,132863336.0,2.5e-05,5.9375e-05,0.000328125,0.0132,0.00038750000000000004,4.3333,2695.6667,40960.0,27.0,35.35,3.0,11.7,8500.0,"NVIDIA A100-PCIE-40GB
",6262.74,6620.0
315,cuda,cuda,vgg11,vgg,32.0,512.0,bfloat16,132863336.0,2.8125e-05,5.9375e-05,0.000328125,0.0132,0.00038750000000000004,4.3333,2695.6667,40960.0,27.0,38.8767,3.0,11.7,8500.0,"NVIDIA A100-PCIE-40GB
",6262.74,6620.0
316,cuda,cuda,vgg11,vgg,64.0,1024.0,bfloat16,132863336.0,1.40625e-05,6.25e-05,0.00031875,0.0253,0.00038125,4.0,2695.6667,40960.0,27.0,38.1967,3.0,11.7,8500.0,"NVIDIA A100-PCIE-40GB
",6262.74,6620.0
317,cuda,cuda,vgg11,vgg,64.0,512.0,bfloat16,132863336.0,1.40625e-05,6.09375e-05,0.00031875,0.0252,0.00037968750000000003,4.0,2695.6667,40960.0,27.0,56.9633,3.0,11.7,8500.0,"NVIDIA A100-PCIE-40GB
",6262.74,6620.0
318,cuda,cuda,vgg11,vgg,16.0,1024.0,float16,132863336.0,5.625e-05,6.25e-05,0.0003375,0.0073,0.0004,2.3333,2695.6667,40960.0,28.0,35.62,3.0,11.7,8500.0,"NVIDIA A100-PCIE-40GB
",6262.74,6620.0
319,cuda,cuda,vgg11,vgg,16.0,512.0,float16,132863336.0,0.00019375,6.25e-05,0.0003375,0.0095,0.0004,2.3333,2695.6667,40960.0,31.0,39.8933,3.0,11.7,8500.0,"NVIDIA A100-PCIE-40GB
",6262.74,6620.0
320,cuda,cuda,vgg11,vgg,32.0,1024.0,float16,132863336.0,2.8125e-05,5.9375e-05,0.0003125,0.0127,0.000371875,2.0,2695.6667,40960.0,26.6667,35.3433,3.0,11.7,8500.0,"NVIDIA A100-PCIE-40GB
",6262.74,6620.0
321,cuda,cuda,vgg11,vgg,32.0,512.0,float16,132863336.0,3.75e-05,5.9375e-05,0.000309375,0.013,0.00036875000000000005,2.0,2695.6667,40960.0,27.0,35.1967,3.0,11.7,8500.0,"NVIDIA A100-PCIE-40GB
",6262.74,6620.0
322,cuda,cuda,vgg11,vgg,64.0,1024.0,float16,132863336.0,1.71875e-05,6.09375e-05,0.0003015625,0.0243,0.00036250000000000003,0.0,2695.6667,40960.0,26.6667,63.1167,3.0,11.7,8500.0,"NVIDIA A100-PCIE-40GB
",6262.74,6620.0
323,cuda,cuda,vgg11,vgg,64.0,512.0,float16,132863336.0,1.875e-05,6.09375e-05,0.0003015625,0.0244,0.00036250000000000003,0.0,2695.6667,40960.0,26.6667,48.21,3.0,11.7,8500.0,"NVIDIA A100-PCIE-40GB
",6262.74,6620.0
324,cuda,cuda,vgg11,vgg,16.0,1024.0,float32,132863336.0,5e-05,0.00011875,0.00031875,0.0078,0.0004375,13.3333,2695.6667,40960.0,30.3333,81.1733,3.0,11.7,8500.0,"NVIDIA A100-PCIE-40GB
",6262.74,6620.0
325,cuda,cuda,vgg11,vgg,16.0,512.0,float32,132863336.0,0.00010625,0.00011875,0.000325,0.0087,0.00044374999999999997,15.0,2695.6667,40960.0,29.0,44.3,3.0,11.7,8500.0,"NVIDIA A100-PCIE-40GB
",6262.74,6620.0
326,cuda,cuda,vgg11,vgg,32.0,1024.0,float32,132863336.0,2.5e-05,0.000115625,0.000296875,0.014,0.0004125,13.6667,2695.6667,40960.0,32.3333,45.5233,3.0,11.7,8500.0,"NVIDIA A100-PCIE-40GB
",6262.74,6620.0
327,cuda,cuda,vgg11,vgg,32.0,512.0,float32,132863336.0,3.4375e-05,0.000115625,0.000296875,0.0142,0.0004125,11.3333,2695.6667,40960.0,31.0,47.7533,3.0,11.7,8500.0,"NVIDIA A100-PCIE-40GB
",6262.74,6620.0
328,cuda,cuda,vgg11,vgg,64.0,1024.0,float32,132863336.0,1.71875e-05,8.4375e-05,0.00028125,0.0246,0.00036562499999999996,12.0,2695.6667,40960.0,34.0,77.61,3.0,11.7,8500.0,"NVIDIA A100-PCIE-40GB
",6262.74,6620.0
329,cuda,cuda,vgg11,vgg,64.0,512.0,float32,132863336.0,1.875e-05,8.4375e-05,0.00028125,0.0246,0.00036562499999999996,14.3333,2695.6667,40960.0,33.0,45.9967,3.0,11.7,8500.0,"NVIDIA A100-PCIE-40GB
",6262.74,6620.0
330,cuda,cuda,vgg11,vgg,16.0,1024.0,float64,132863336.0,6.875e-05,0.00024375,0.0082,0.1362,0.00844375,27.3333,2695.6667,40960.0,39.0,51.7967,3.0,11.7,8500.0,"NVIDIA A100-PCIE-40GB
",6262.74,6620.0
331,cuda,cuda,vgg11,vgg,16.0,512.0,float64,132863336.0,9.375e-05,0.00024375,0.00813125,0.1355,0.008374999999999999,22.3333,2695.6667,40960.0,37.6667,102.7233,3.0,11.7,8500.0,"NVIDIA A100-PCIE-40GB
",6262.74,6620.0
332,cuda,cuda,vgg11,vgg,32.0,1024.0,float64,132863336.0,4.0625e-05,0.000234375,0.008028125,0.2657,0.0082625,33.0,2695.6667,40960.0,38.6667,58.6267,3.0,11.7,8500.0,"NVIDIA A100-PCIE-40GB
",6262.74,6620.0
333,cuda,cuda,vgg11,vgg,32.0,512.0,float64,132863336.0,4.0625e-05,0.000234375,0.00803125,0.2658,0.008265625,33.3333,2695.6667,40960.0,38.6667,60.3333,3.0,11.7,8500.0,"NVIDIA A100-PCIE-40GB
",6262.74,6620.0
334,cuda,cuda,vgg11,vgg,64.0,1024.0,float64,132863336.0,2.03125e-05,0.0001859375,0.00794375,0.5216,0.0081296875,33.3333,3218.3333,40960.0,39.3333,51.26,3.0,11.7,8500.0,"NVIDIA A100-PCIE-40GB
",6262.74,8188.0
335,cuda,cuda,vgg11,vgg,64.0,512.0,float64,132863336.0,2.1875e-05,0.0001859375,0.0079375,0.5213,0.0081234375,33.3333,3218.3333,40960.0,39.3333,103.7133,3.0,11.7,8500.0,"NVIDIA A100-PCIE-40GB
",6262.74,8188.0
336,cuda,cuda,vgg13,vgg,16.0,1024.0,bfloat16,133047848.0,6.25e-05,6.25e-05,0.00050625,0.01,0.00056875,5.0,3218.3333,40960.0,27.3333,35.4167,3.0,11.7,8500.0,"NVIDIA A100-PCIE-40GB
",6262.74,8188.0
337,cuda,cuda,vgg13,vgg,16.0,512.0,bfloat16,133047848.0,6.25e-05,6.25e-05,0.00050625,0.01,0.00056875,5.0,3218.3333,40960.0,27.0,38.9667,3.0,11.7,8500.0,"NVIDIA A100-PCIE-40GB
",6262.74,8188.0
338,cuda,cuda,vgg13,vgg,32.0,1024.0,bfloat16,133047848.0,3.125e-05,5.9375e-05,0.000478125,0.0182,0.0005375,6.0,3218.3333,40960.0,27.3333,35.4767,3.0,11.7,8500.0,"NVIDIA A100-PCIE-40GB
",6262.74,8188.0
339,cuda,cuda,vgg13,vgg,32.0,512.0,bfloat16,133047848.0,3.125e-05,5.9375e-05,0.000478125,0.0182,0.0005375,3.0,3218.3333,40960.0,27.3333,37.3567,3.0,11.7,8500.0,"NVIDIA A100-PCIE-40GB
",6262.74,8188.0
340,cuda,cuda,vgg13,vgg,64.0,1024.0,bfloat16,133047848.0,1.5625e-05,6.09375e-05,0.000471875,0.0352,0.0005328125,5.6667,3218.3333,40960.0,27.3333,36.7833,3.0,11.7,8500.0,"NVIDIA A100-PCIE-40GB
",6262.74,8188.0
341,cuda,cuda,vgg13,vgg,64.0,512.0,bfloat16,133047848.0,1.5625e-05,6.09375e-05,0.000471875,0.0351,0.0005328125,5.3333,3218.3333,40960.0,27.3333,67.06,3.0,11.7,8500.0,"NVIDIA A100-PCIE-40GB
",6262.74,8188.0
342,cuda,cuda,vgg13,vgg,16.0,1024.0,float16,133047848.0,6.25e-05,6.25e-05,0.00049375,0.0099,0.0005562500000000001,3.3333,3218.3333,40960.0,28.0,36.6367,3.0,11.7,8500.0,"NVIDIA A100-PCIE-40GB
",6262.74,8188.0
343,cuda,cuda,vgg13,vgg,16.0,512.0,float16,133047848.0,6.25e-05,6.25e-05,0.00049375,0.0099,0.0005562500000000001,3.3333,3218.3333,40960.0,31.3333,36.63,3.0,11.7,8500.0,"NVIDIA A100-PCIE-40GB
",6262.74,8188.0
344,cuda,cuda,vgg13,vgg,32.0,1024.0,float16,133047848.0,3.125e-05,5.9375e-05,0.0004625,0.0177,0.000521875,3.0,3218.3333,40960.0,27.0,38.3367,3.0,11.7,8500.0,"NVIDIA A100-PCIE-40GB
",6262.74,8188.0
345,cuda,cuda,vgg13,vgg,32.0,512.0,float16,133047848.0,3.125e-05,5.9375e-05,0.0004625,0.0177,0.000521875,3.0,3218.3333,40960.0,27.3333,35.6733,3.0,11.7,8500.0,"NVIDIA A100-PCIE-40GB
",6262.74,8188.0
346,cuda,cuda,vgg13,vgg,64.0,1024.0,float16,133047848.0,1.71875e-05,6.09375e-05,0.00045625,0.0341,0.0005171875,5.6667,3218.3333,40960.0,27.0,62.6567,3.0,11.7,8500.0,"NVIDIA A100-PCIE-40GB
",6262.74,8188.0
347,cuda,cuda,vgg13,vgg,64.0,512.0,float16,133047848.0,1.71875e-05,6.09375e-05,0.00045625,0.0341,0.0005171875,0.0,3218.3333,40960.0,27.0,43.8733,3.0,11.7,8500.0,"NVIDIA A100-PCIE-40GB
",6262.74,8188.0
348,cuda,cuda,vgg13,vgg,16.0,1024.0,float32,133047848.0,6.25e-05,0.00011875,0.00046875,0.0103,0.0005875,17.3333,3218.3333,40960.0,31.3333,64.3633,3.0,11.7,8500.0,"NVIDIA A100-PCIE-40GB
",6262.74,8188.0
349,cuda,cuda,vgg13,vgg,16.0,512.0,float32,133047848.0,6.25e-05,0.00011875,0.000475,0.0104,0.00059375,17.0,3218.3333,40960.0,30.0,59.16,3.0,11.7,8500.0,"NVIDIA A100-PCIE-40GB
",6262.74,8188.0
350,cuda,cuda,vgg13,vgg,32.0,1024.0,float32,133047848.0,2.8125e-05,0.000115625,0.000453125,0.0192,0.00056875,17.0,3218.3333,40960.0,34.3333,73.6133,3.0,11.7,8500.0,"NVIDIA A100-PCIE-40GB
",6262.74,8188.0
351,cuda,cuda,vgg13,vgg,32.0,512.0,float32,133047848.0,2.8125e-05,0.000115625,0.000453125,0.0191,0.00056875,17.6667,3218.3333,40960.0,32.6667,46.48,3.0,11.7,8500.0,"NVIDIA A100-PCIE-40GB
",6262.74,8188.0
352,cuda,cuda,vgg13,vgg,64.0,1024.0,float32,133047848.0,2.03125e-05,8.59375e-05,0.0004421875,0.035,0.000528125,16.0,3218.3333,40960.0,36.0,67.33,3.0,11.7,8500.0,"NVIDIA A100-PCIE-40GB
",6262.74,8188.0
353,cuda,cuda,vgg13,vgg,64.0,512.0,float32,133047848.0,1.875e-05,8.59375e-05,0.000440625,0.0349,0.0005265625,15.3333,3218.3333,40960.0,34.6667,47.9767,3.0,11.7,8500.0,"NVIDIA A100-PCIE-40GB
",6262.74,8188.0
354,cuda,cuda,vgg13,vgg,16.0,1024.0,float64,133047848.0,8.75e-05,0.00024375,0.017175,0.28,0.01741875,33.3333,3218.3333,40960.0,39.3333,98.6233,3.0,11.7,8500.0,"NVIDIA A100-PCIE-40GB
",6262.74,8188.0
355,cuda,cuda,vgg13,vgg,16.0,512.0,float64,133047848.0,0.0001,0.00024375,0.0171125,0.2792,0.01735625,27.3333,3218.3333,40960.0,39.3333,51.87,3.0,11.7,8500.0,"NVIDIA A100-PCIE-40GB
",6262.74,8188.0
356,cuda,cuda,vgg13,vgg,32.0,1024.0,float64,133047848.0,4.375e-05,0.000234375,0.017009375,0.5532,0.01724375,33.3333,3218.3333,40960.0,39.0,51.9567,3.0,11.7,8500.0,"NVIDIA A100-PCIE-40GB
",6262.74,8188.0
357,cuda,cuda,vgg13,vgg,32.0,512.0,float64,133047848.0,4.375e-05,0.000234375,0.017009375,0.5532,0.01724375,33.3333,3218.3333,40960.0,39.0,51.9967,3.0,11.7,8500.0,"NVIDIA A100-PCIE-40GB
",6262.74,8188.0
358,cuda,cuda,vgg13,vgg,64.0,1024.0,float64,133047848.0,2.5e-05,0.0001859375,0.0170078125,1.102,0.01719375,33.3333,3741.0,40960.0,39.0,51.54,3.0,11.7,8500.0,"NVIDIA A100-PCIE-40GB
",6262.74,9756.0
359,cuda,cuda,vgg13,vgg,64.0,512.0,float64,133047848.0,2.8125e-05,0.0001859375,0.0170078125,1.1023,0.01719375,33.3333,3741.0,40960.0,39.6667,102.4033,3.0,11.7,8500.0,"NVIDIA A100-PCIE-40GB
",6262.74,9756.0
360,cuda,cuda,vgg16,vgg,16.0,1024.0,bfloat16,138357544.0,6.875e-05,6.25e-05,0.0005875,0.0116,0.00065,5.6667,3741.0,40960.0,27.3333,53.25,3.0,11.7,8500.0,"NVIDIA A100-PCIE-40GB
",6262.74,9756.0
361,cuda,cuda,vgg16,vgg,16.0,512.0,bfloat16,138357544.0,8.125e-05,6.25e-05,0.0005875,0.0117,0.00065,7.6667,3741.0,40960.0,27.3333,36.7367,3.0,11.7,8500.0,"NVIDIA A100-PCIE-40GB
",6262.74,9756.0
362,cuda,cuda,vgg16,vgg,32.0,1024.0,bfloat16,138357544.0,3.75e-05,5.9375e-05,0.0005625,0.021,0.0006218749999999999,7.0,3741.0,40960.0,27.3333,35.6167,3.0,11.7,8500.0,"NVIDIA A100-PCIE-40GB
",6262.74,9756.0
363,cuda,cuda,vgg16,vgg,32.0,512.0,bfloat16,138357544.0,3.75e-05,5.9375e-05,0.0005625,0.021,0.0006218749999999999,7.0,3741.0,40960.0,27.3333,46.71,3.0,11.7,8500.0,"NVIDIA A100-PCIE-40GB
",6262.74,9756.0
364,cuda,cuda,vgg16,vgg,64.0,1024.0,bfloat16,138357544.0,1.875e-05,6.09375e-05,0.0005515625,0.0405,0.0006125,6.0,3741.0,40960.0,27.6667,35.57,3.0,11.7,8500.0,"NVIDIA A100-PCIE-40GB
",6262.74,9756.0
365,cuda,cuda,vgg16,vgg,64.0,512.0,bfloat16,138357544.0,1.875e-05,6.09375e-05,0.000553125,0.0405,0.0006140625,6.6667,3741.0,40960.0,27.6667,39.3167,3.0,11.7,8500.0,"NVIDIA A100-PCIE-40GB
",6262.74,9756.0
366,cuda,cuda,vgg16,vgg,16.0,1024.0,float16,138357544.0,6.875e-05,6.25e-05,0.000575,0.0114,0.0006375,2.6667,3741.0,40960.0,28.0,35.56,3.0,11.7,8500.0,"NVIDIA A100-PCIE-40GB
",6262.74,9756.0
367,cuda,cuda,vgg16,vgg,16.0,512.0,float16,138357544.0,8.75e-05,6.25e-05,0.000575,0.0116,0.0006375,3.6667,3741.0,40960.0,31.3333,40.0533,3.0,11.7,8500.0,"NVIDIA A100-PCIE-40GB
",6262.74,9756.0
368,cuda,cuda,vgg16,vgg,32.0,1024.0,float16,138357544.0,3.75e-05,5.9375e-05,0.00054375,0.0205,0.0006031249999999999,1.0,3741.0,40960.0,27.0,39.7567,3.0,11.7,8500.0,"NVIDIA A100-PCIE-40GB
",6262.74,9756.0
369,cuda,cuda,vgg16,vgg,32.0,512.0,float16,138357544.0,4.0625e-05,5.9375e-05,0.00054375,0.0206,0.0006031249999999999,1.3333,3741.0,40960.0,27.3333,60.23,3.0,11.7,8500.0,"NVIDIA A100-PCIE-40GB
",6262.74,9756.0
370,cuda,cuda,vgg16,vgg,64.0,1024.0,float16,138357544.0,2.03125e-05,6.09375e-05,0.0005359375,0.0395,0.000596875,0.0,3741.0,40960.0,27.0,43.6,3.0,11.7,8500.0,"NVIDIA A100-PCIE-40GB
",6262.74,9756.0
371,cuda,cuda,vgg16,vgg,64.0,512.0,float16,138357544.0,2.03125e-05,6.09375e-05,0.0005359375,0.0395,0.000596875,0.0,3741.0,40960.0,27.0,36.1933,3.0,11.7,8500.0,"NVIDIA A100-PCIE-40GB
",6262.74,9756.0
372,cuda,cuda,vgg16,vgg,16.0,1024.0,float32,138357544.0,6.875e-05,0.00011875,0.00055,0.0118,0.0006687500000000001,14.0,3741.0,40960.0,32.3333,81.63,3.0,11.7,8500.0,"NVIDIA A100-PCIE-40GB
",6262.74,9756.0
373,cuda,cuda,vgg16,vgg,16.0,512.0,float32,138357544.0,0.0001,0.00011875,0.00055625,0.0124,0.000675,19.0,3741.0,40960.0,30.3333,93.2433,3.0,11.7,8500.0,"NVIDIA A100-PCIE-40GB
",6262.74,9756.0
374,cuda,cuda,vgg16,vgg,32.0,1024.0,float32,138357544.0,3.4375e-05,0.000115625,0.00054375,0.0223,0.000659375,17.6667,3741.0,40960.0,35.0,52.26,3.0,11.7,8500.0,"NVIDIA A100-PCIE-40GB
",6262.74,9756.0
375,cuda,cuda,vgg16,vgg,32.0,512.0,float32,138357544.0,3.4375e-05,0.000115625,0.000540625,0.0222,0.0006562499999999999,14.6667,3741.0,40960.0,33.3333,56.6067,3.0,11.7,8500.0,"NVIDIA A100-PCIE-40GB
",6262.74,9756.0
376,cuda,cuda,vgg16,vgg,64.0,1024.0,float32,138357544.0,2.34375e-05,8.59375e-05,0.0005359375,0.0413,0.0006218749999999999,20.0,3741.0,40960.0,36.6667,47.8833,3.0,11.7,8500.0,"NVIDIA A100-PCIE-40GB
",6262.74,9756.0
377,cuda,cuda,vgg16,vgg,64.0,512.0,float32,138357544.0,2.34375e-05,8.4375e-05,0.000534375,0.041,0.00061875,19.3333,3741.0,40960.0,35.6667,47.14,3.0,11.7,8500.0,"NVIDIA A100-PCIE-40GB
",6262.74,9756.0
378,cuda,cuda,vgg16,vgg,16.0,1024.0,float64,138357544.0,0.0001,0.00024375,0.018475,0.301,0.01871875,33.3333,3741.0,40960.0,39.3333,71.6,3.0,11.7,8500.0,"NVIDIA A100-PCIE-40GB
",6262.74,9756.0
379,cuda,cuda,vgg16,vgg,16.0,512.0,float64,138357544.0,0.00010625,0.00024375,0.01841875,0.3002,0.018662500000000002,27.6667,3741.0,40960.0,38.6667,52.98,3.0,11.7,8500.0,"NVIDIA A100-PCIE-40GB
",6262.74,9756.0
380,cuda,cuda,vgg16,vgg,32.0,1024.0,float64,138357544.0,5.3125e-05,0.0002375,0.0182625,0.5938,0.018500000000000003,33.3333,3741.0,40960.0,39.0,98.2933,3.0,11.7,8500.0,"NVIDIA A100-PCIE-40GB
",6262.74,9756.0
381,cuda,cuda,vgg16,vgg,32.0,512.0,float64,138357544.0,5.3125e-05,0.0002375,0.01826875,0.5938,0.018506250000000002,33.3333,3741.0,40960.0,39.3333,52.1667,3.0,11.7,8500.0,"NVIDIA A100-PCIE-40GB
",6262.74,9756.0
382,cuda,cuda,vgg16,vgg,64.0,1024.0,float64,138357544.0,2.5e-05,0.00016875,0.0182359375,1.1796,0.0184046875,31.3333,3741.0,40960.0,40.0,68.21,3.0,11.7,8500.0,"NVIDIA A100-PCIE-40GB
",6262.74,9756.0
383,cuda,cuda,vgg16,vgg,64.0,512.0,float64,138357544.0,4.375e-05,0.0001953125,0.0182421875,1.1828,0.0184375,24.3333,3741.0,40960.0,39.3333,52.14,3.0,11.7,8500.0,"NVIDIA A100-PCIE-40GB
",6262.74,9756.0
384,cuda,cuda,vgg19,vgg,16.0,1024.0,bfloat16,143667240.0,8.125e-05,6.25e-05,0.000675,0.0131,0.0007375000000000001,7.3333,3741.0,40960.0,27.6667,36.2433,3.0,11.7,8500.0,"NVIDIA A100-PCIE-40GB
",6262.74,9756.0
385,cuda,cuda,vgg19,vgg,16.0,512.0,bfloat16,143667240.0,8.75e-05,6.25e-05,0.000675,0.0131,0.0007375000000000001,6.3333,3741.0,40960.0,27.3333,52.59,3.0,11.7,8500.0,"NVIDIA A100-PCIE-40GB
",6262.74,9756.0
386,cuda,cuda,vgg19,vgg,32.0,1024.0,bfloat16,143667240.0,4.0625e-05,5.9375e-05,0.00064375,0.0238,0.000703125,8.0,3741.0,40960.0,27.6667,35.8733,3.0,11.7,8500.0,"NVIDIA A100-PCIE-40GB
",6262.74,9756.0
387,cuda,cuda,vgg19,vgg,32.0,512.0,bfloat16,143667240.0,4.0625e-05,5.9375e-05,0.00064375,0.0238,0.000703125,6.6667,3741.0,40960.0,27.6667,35.8733,3.0,11.7,8500.0,"NVIDIA A100-PCIE-40GB
",6262.74,9756.0
388,cuda,cuda,vgg19,vgg,64.0,1024.0,bfloat16,143667240.0,2.1875e-05,6.09375e-05,0.0006328125,0.0458,0.00069375,7.6667,3741.0,40960.0,27.6667,66.1033,3.0,11.7,8500.0,"NVIDIA A100-PCIE-40GB
",6262.74,9756.0
389,cuda,cuda,vgg19,vgg,64.0,512.0,bfloat16,143667240.0,2.1875e-05,6.09375e-05,0.0006328125,0.0458,0.00069375,3.3333,3741.0,40960.0,27.6667,56.9433,3.0,11.7,8500.0,"NVIDIA A100-PCIE-40GB
",6262.74,9756.0
390,cuda,cuda,vgg19,vgg,16.0,1024.0,float16,143667240.0,0.0001,6.25e-05,0.0006625,0.0131,0.000725,4.3333,3741.0,40960.0,28.3333,35.5533,3.0,11.7,8500.0,"NVIDIA A100-PCIE-40GB
",6262.74,9756.0
391,cuda,cuda,vgg19,vgg,16.0,512.0,float16,143667240.0,8.125e-05,6.25e-05,0.0006625,0.0129,0.000725,4.3333,3741.0,40960.0,31.6667,36.97,3.0,11.7,8500.0,"NVIDIA A100-PCIE-40GB
",6262.74,9756.0
392,cuda,cuda,vgg19,vgg,32.0,1024.0,float16,143667240.0,5e-05,6.25e-05,0.00063125,0.0238,0.0006937499999999999,1.6667,3741.0,40960.0,27.0,35.65,3.0,11.7,8500.0,"NVIDIA A100-PCIE-40GB
",6262.74,9756.0
393,cuda,cuda,vgg19,vgg,32.0,512.0,float16,143667240.0,4.6875e-05,5.9375e-05,0.00063125,0.0236,0.0006906249999999999,4.0,3741.0,40960.0,27.3333,40.8233,3.0,11.7,8500.0,"NVIDIA A100-PCIE-40GB
",6262.74,9756.0
394,cuda,cuda,vgg19,vgg,64.0,1024.0,float16,143667240.0,2.1875e-05,6.09375e-05,0.000615625,0.0448,0.0006765625,7.3333,3741.0,40960.0,27.3333,41.7133,3.0,11.7,8500.0,"NVIDIA A100-PCIE-40GB
",6262.74,9756.0
395,cuda,cuda,vgg19,vgg,64.0,512.0,float16,143667240.0,2.1875e-05,6.09375e-05,0.000615625,0.0448,0.0006765625,5.0,3741.0,40960.0,27.3333,72.8067,3.0,11.7,8500.0,"NVIDIA A100-PCIE-40GB
",6262.74,9756.0
396,cuda,cuda,vgg19,vgg,16.0,1024.0,float32,143667240.0,8.125e-05,0.00011875,0.0006375,0.0134,0.0007562500000000001,19.6667,3741.0,40960.0,33.0,76.7367,3.0,11.7,8500.0,"NVIDIA A100-PCIE-40GB
",6262.74,9756.0
397,cuda,cuda,vgg19,vgg,16.0,512.0,float32,143667240.0,8.75e-05,0.00011875,0.00064375,0.0135,0.0007625,19.6667,3741.0,40960.0,31.0,87.2767,3.0,11.7,8500.0,"NVIDIA A100-PCIE-40GB
",6262.74,9756.0
398,cuda,cuda,vgg19,vgg,32.0,1024.0,float32,143667240.0,4.0625e-05,0.000115625,0.000634375,0.0254,0.00075,17.6667,3741.0,40960.0,35.6667,58.9033,3.0,11.7,8500.0,"NVIDIA A100-PCIE-40GB
",6262.74,9756.0
399,cuda,cuda,vgg19,vgg,32.0,512.0,float32,143667240.0,4.0625e-05,0.000115625,0.000634375,0.0253,0.00075,20.0,3741.0,40960.0,34.0,98.2667,3.0,11.7,8500.0,"NVIDIA A100-PCIE-40GB
",6262.74,9756.0
400,cuda,cuda,vgg19,vgg,64.0,1024.0,float32,143667240.0,2.5e-05,8.4375e-05,0.00063125,0.0474,0.000715625,16.3333,3741.0,40960.0,37.0,48.4867,3.0,11.7,8500.0,"NVIDIA A100-PCIE-40GB
",6262.74,9756.0
401,cuda,cuda,vgg19,vgg,64.0,512.0,float32,143667240.0,2.5e-05,8.4375e-05,0.0006296875,0.0473,0.0007140625000000001,18.6667,3741.0,40960.0,36.3333,47.29,3.0,11.7,8500.0,"NVIDIA A100-PCIE-40GB
",6262.74,9756.0
402,cuda,cuda,vgg19,vgg,16.0,1024.0,float64,143667240.0,0.0001125,0.00024375,0.01975625,0.3218,0.02,23.6667,3741.0,40960.0,39.6667,53.08,3.0,11.7,8500.0,"NVIDIA A100-PCIE-40GB
",6262.74,9756.0
403,cuda,cuda,vgg19,vgg,16.0,512.0,float64,143667240.0,0.000125,0.00024375,0.0196875,0.3209,0.01993125,33.3333,3741.0,40960.0,40.0,103.76,3.0,11.7,8500.0,"NVIDIA A100-PCIE-40GB
",6262.74,9756.0
404,cuda,cuda,vgg19,vgg,32.0,1024.0,float64,143667240.0,6.25e-05,0.0002375,0.01945625,0.6322,0.019693750000000003,33.3333,3741.0,40960.0,38.3333,51.2867,3.0,11.7,8500.0,"NVIDIA A100-PCIE-40GB
",6262.74,9756.0
405,cuda,cuda,vgg19,vgg,32.0,512.0,float64,143667240.0,6.25e-05,0.000234375,0.01946875,0.6326,0.019703125,24.6667,3741.0,40960.0,38.6667,93.51,3.0,11.7,8500.0,"NVIDIA A100-PCIE-40GB
",6262.74,9756.0
406,cuda,cuda,vgg19,vgg,64.0,1024.0,float64,143667240.0,3.125e-05,0.0001734375,0.019440625,1.2573,0.0196140625,33.3333,3741.0,40960.0,39.3333,67.83,3.0,11.7,8500.0,"NVIDIA A100-PCIE-40GB
",6262.74,9756.0
407,cuda,cuda,vgg19,vgg,64.0,512.0,float64,143667240.0,4.375e-05,0.000178125,0.019390625,1.2552,0.019568750000000003,26.6667,3741.0,40960.0,39.3333,99.36,3.0,11.7,8500.0,"NVIDIA A100-PCIE-40GB
",6262.74,9756.0
408,cuda,cuda,xception,misc,16.0,1024.0,bfloat16,22855952.0,0.00029375,6.25e-05,0.000425,0.0126,0.0004875,6.0,3741.0,40960.0,27.0,37.9133,3.0,11.7,8500.0,"NVIDIA A100-PCIE-40GB
",6262.74,9756.0
409,cuda,cuda,xception,misc,16.0,512.0,bfloat16,22855952.0,0.000325,6.25e-05,0.000425,0.013,0.0004875,6.6667,3741.0,40960.0,27.0,35.2833,3.0,11.7,8500.0,"NVIDIA A100-PCIE-40GB
",6262.74,9756.0
410,cuda,cuda,xception,misc,32.0,1024.0,bfloat16,22855952.0,0.00015,5.9375e-05,0.000503125,0.0227,0.0005625,7.3333,3741.0,40960.0,27.0,43.4667,3.0,11.7,8500.0,"NVIDIA A100-PCIE-40GB
",6262.74,9756.0
411,cuda,cuda,xception,misc,32.0,512.0,bfloat16,22855952.0,0.000153125,5.9375e-05,0.0005,0.0228,0.000559375,7.3333,3741.0,40960.0,27.0,35.58,3.0,11.7,8500.0,"NVIDIA A100-PCIE-40GB
",6262.74,9756.0
412,cuda,cuda,xception,misc,64.0,1024.0,bfloat16,22855952.0,7.5e-05,6.09375e-05,0.00055625,0.0443,0.0006171875,7.3333,3741.0,40960.0,27.3333,58.1933,3.0,11.7,8500.0,"NVIDIA A100-PCIE-40GB
",6262.74,9756.0
413,cuda,cuda,xception,misc,64.0,512.0,bfloat16,22855952.0,7.5e-05,6.09375e-05,0.00055625,0.0443,0.0006171875,2.3333,3741.0,40960.0,27.3333,35.61,3.0,11.7,8500.0,"NVIDIA A100-PCIE-40GB
",6262.74,9756.0
414,cuda,cuda,xception,misc,16.0,1024.0,float16,22855952.0,0.00030625,6.25e-05,0.0003875,0.0121,0.00045,4.0,3741.0,40960.0,28.0,35.78,3.0,11.7,8500.0,"NVIDIA A100-PCIE-40GB
",6262.74,9756.0
415,cuda,cuda,xception,misc,16.0,512.0,float16,22855952.0,0.00045,6.25e-05,0.00038125,0.0143,0.00044375,4.0,3741.0,40960.0,31.3333,37.2567,3.0,11.7,8500.0,"NVIDIA A100-PCIE-40GB
",6262.74,9756.0
416,cuda,cuda,xception,misc,32.0,1024.0,float16,22855952.0,0.00015625,5.9375e-05,0.00043125,0.0207,0.000490625,3.3333,3741.0,40960.0,26.6667,35.2867,3.0,11.7,8500.0,"NVIDIA A100-PCIE-40GB
",6262.74,9756.0
417,cuda,cuda,xception,misc,32.0,512.0,float16,22855952.0,0.000159375,5.9375e-05,0.000428125,0.0207,0.00048750000000000003,3.3333,3741.0,40960.0,27.3333,36.2033,3.0,11.7,8500.0,"NVIDIA A100-PCIE-40GB
",6262.74,9756.0
418,cuda,cuda,xception,misc,64.0,1024.0,float16,22855952.0,7.96875e-05,6.09375e-05,0.0004859375,0.0401,0.0005468749999999999,0.0,3741.0,40960.0,26.6667,39.24,3.0,11.7,8500.0,"NVIDIA A100-PCIE-40GB
",6262.74,9756.0
419,cuda,cuda,xception,misc,64.0,512.0,float16,22855952.0,7.96875e-05,6.09375e-05,0.0004859375,0.0401,0.0005468749999999999,1.3333,3741.0,40960.0,26.6667,35.8633,3.0,11.7,8500.0,"NVIDIA A100-PCIE-40GB
",6262.74,9756.0
420,cuda,cuda,xception,misc,16.0,1024.0,float32,22855952.0,0.00030625,0.00011875,0.00021875,0.0103,0.0003375,17.3333,3741.0,40960.0,31.0,82.1933,3.0,11.7,8500.0,"NVIDIA A100-PCIE-40GB
",6262.74,9756.0
421,cuda,cuda,xception,misc,16.0,512.0,float32,22855952.0,0.000375,0.00011875,0.00023125,0.0115,0.00035,16.6667,3741.0,40960.0,29.3333,44.3733,3.0,11.7,8500.0,"NVIDIA A100-PCIE-40GB
",6262.74,9756.0
422,cuda,cuda,xception,misc,32.0,1024.0,float32,22855952.0,0.000134375,0.000115625,0.000384375,0.0203,0.0005,17.6667,3741.0,40960.0,33.6667,102.1533,3.0,11.7,8500.0,"NVIDIA A100-PCIE-40GB
",6262.74,9756.0
423,cuda,cuda,xception,misc,32.0,512.0,float32,22855952.0,0.000140625,0.000115625,0.00038125,0.0204,0.000496875,17.6667,3741.0,40960.0,32.0,103.5233,3.0,11.7,8500.0,"NVIDIA A100-PCIE-40GB
",6262.74,9756.0
424,cuda,cuda,xception,misc,64.0,1024.0,float32,22855952.0,8.28125e-05,8.59375e-05,0.00040625,0.0367,0.0004921875,16.3333,3741.0,40960.0,35.6667,48.73,3.0,11.7,8500.0,"NVIDIA A100-PCIE-40GB
",6262.74,9756.0
425,cuda,cuda,xception,misc,64.0,512.0,float32,22855952.0,8.28125e-05,8.59375e-05,0.00040625,0.0369,0.0004921875,15.0,3741.0,40960.0,34.3333,72.1233,3.0,11.7,8500.0,"NVIDIA A100-PCIE-40GB
",6262.74,9756.0
426,cuda,cuda,xception,misc,16.0,1024.0,float64,22855952.0,0.0002625,0.0002375,0.001225,0.0275,0.0014625,13.6667,3741.0,40960.0,35.6667,50.3533,3.0,11.7,8500.0,"NVIDIA A100-PCIE-40GB
",6262.74,9756.0
427,cuda,cuda,xception,misc,16.0,512.0,float64,22855952.0,0.00026875,0.0002375,0.00121875,0.0275,0.00145625,13.6667,3741.0,40960.0,35.6667,65.86,3.0,11.7,8500.0,"NVIDIA A100-PCIE-40GB
",6262.74,9756.0
428,cuda,cuda,xception,misc,32.0,1024.0,float64,22855952.0,0.000146875,0.00023125,0.001340625,0.055,0.001571875,18.0,3741.0,40960.0,35.0,62.8467,3.0,11.7,8500.0,"NVIDIA A100-PCIE-40GB
",6262.74,9756.0
429,cuda,cuda,xception,misc,32.0,512.0,float64,22855952.0,0.000146875,0.000234375,0.001340625,0.0551,0.001575,15.6667,3741.0,40960.0,35.0,103.6067,3.0,11.7,8500.0,"NVIDIA A100-PCIE-40GB
",6262.74,9756.0
430,cuda,cuda,xception,misc,64.0,1024.0,float64,22855952.0,7.34375e-05,0.0001765625,0.0015078125,0.1125,0.001684375,9.0,3741.0,40960.0,34.6667,103.4133,3.0,11.7,8500.0,"NVIDIA A100-PCIE-40GB
",6262.74,9756.0
431,cuda,cuda,xception,misc,64.0,512.0,float64,22855952.0,7.34375e-05,0.00016875,0.0015078125,0.112,0.0016765625,18.6667,3741.0,40960.0,34.6667,103.7633,3.0,11.7,8500.0,"NVIDIA A100-PCIE-40GB
",6262.74,9756.0
