,model_name,model_category,batch_size,model_parameters,num_inference_steps,precision,inference_time,device_to_host_time,host_to_device_time,avg_time,communication_time
0,efficientnet_b0,efficientnet,16,5288548.0,10,bfloat16,0.007969379425048828,0.003360225260257721,0.5833736509084702,0.5947032555937767,0.5867338761687279
1,efficientnet_b0,efficientnet,32,5288548.0,10,bfloat16,0.004049777984619141,0.0031559571623802187,0.35948765724897386,0.3666933923959732,0.36264361441135406
2,efficientnet_b0,efficientnet,64,5288548.0,10,bfloat16,0.00204731747508049,0.00336146280169487,0.25304120518267154,0.25844998545944686,0.2564026679843664
3,efficientnet_b0,efficientnet,16,5288548.0,10,float16,0.003140486776828766,0.003570495545864105,0.7163773074746131,0.723088289797306,0.7199478030204772
4,efficientnet_b0,efficientnet,16,5288548.0,32,float16,0.008823191281408072,0.0036151865497231483,0.8245828491635621,0.8370212269946933,0.8281980357132852
5,efficientnet_b0,efficientnet,32,5288548.0,10,float16,0.0026405036449432375,0.0034995868802070616,0.3369265258312225,0.3430666163563728,0.3404261127114296
6,efficientnet_b0,efficientnet,64,5288548.0,10,float16,0.002065705880522728,0.0035407207906246185,0.4296298138797283,0.4352362405508757,0.43317053467035294
7,efficientnet_b0,efficientnet,16,5288548.0,10,float32,0.00917334258556366,0.006204080581665039,0.4381436720490456,0.4535210952162743,0.44434775263071064
8,efficientnet_b0,efficientnet,32,5288548.0,10,float32,0.004170407354831695,0.006146533042192459,0.28533591628074645,0.29565285667777064,0.29148244932293893
9,efficientnet_b0,efficientnet,64,5288548.0,10,float32,0.00198700949549675,0.0068531505763530735,0.1737510770559311,0.18259123712778091,0.18060422763228418
10,efficientnet_b0,efficientnet,16,5288548.0,10,float64,0.009204785525798797,0.006402069330215454,0.014740081131458282,0.030346935987472533,0.021142150461673736
11,efficientnet_b0,efficientnet,32,5288548.0,10,float64,0.004193966835737228,0.006454400718212128,0.008086370676755905,0.01873473823070526,0.014540771394968033
12,efficientnet_b0,efficientnet,64,5288548.0,10,float64,0.0022260602563619614,0.006636646017432213,0.003956754505634308,0.012819460779428481,0.01059340052306652
13,efficientnet_b1,efficientnet,16,7794184.0,10,bfloat16,0.011069060862064361,0.0032453253865242005,0.7069861948490143,0.7213005810976029,0.7102315202355385
14,efficientnet_b1,efficientnet,32,7794184.0,10,bfloat16,0.005577249825000763,0.0031512364745140075,0.4292850948870182,0.43801358118653294,0.4324363313615322
15,efficientnet_b1,efficientnet,64,7794184.0,10,bfloat16,0.0029992517083883286,0.003643656149506569,0.29722299315035344,0.30386590100824834,0.30086664929986
16,efficientnet_b1,efficientnet,16,7794184.0,10,float16,0.01203852891921997,0.003547309339046478,0.8410255119204522,0.8566113501787186,0.8445728212594986
17,efficientnet_b1,efficientnet,32,7794184.0,10,float16,0.005985175818204879,0.003441973775625229,0.4986499950289726,0.5080771446228027,0.5020919688045978
18,efficientnet_b1,efficientnet,64,7794184.0,10,float16,0.002879904583096504,0.003348337486386299,0.4704220686107874,0.4766503106802702,0.4737704060971737
19,efficientnet_b1,efficientnet,16,7794184.0,10,float32,0.010894510149955749,0.006158719956874848,0.5532958954572678,0.5703491255640984,0.5594546154141427
20,efficientnet_b1,efficientnet,32,7794184.0,10,float32,0.005419540405273438,0.0061826929450035095,0.3434163860976696,0.35501861944794655,0.3495990790426731
21,efficientnet_b1,efficientnet,64,7794184.0,10,float32,0.003242211416363716,0.006493472680449486,0.2108570456504822,0.22059272974729538,0.21735051833093166
22,efficientnet_b1,efficientnet,16,7794184.0,10,float64,0.01200408935546875,0.006275440752506256,0.019634248316287996,0.03791377842426301,0.02590968906879425
23,efficientnet_b1,efficientnet,32,7794184.0,10,float64,0.006105083227157593,0.0063513308763504025,0.011770721524953842,0.024227135628461835,0.018122052401304246
24,efficientnet_b1,efficientnet,64,7794184.0,10,float64,0.003067953512072563,0.006597923114895821,0.0057420793920755385,0.015407956019043923,0.01234000250697136
25,efficientnet_b2,efficientnet,16,9109994.0,10,bfloat16,0.012682750821113586,0.003251604735851288,0.775835208594799,0.7917695641517639,0.7790868133306503
26,efficientnet_b2,efficientnet,32,9109994.0,10,bfloat16,0.005900862067937851,0.0031820453703403475,0.527842926979065,0.5369258344173432,0.5310249723494054
27,efficientnet_b2,efficientnet,64,9109994.0,10,bfloat16,0.0030783362686634063,0.003130032494664192,0.3239832531660795,0.3301916219294071,0.3271132856607437
28,efficientnet_b2,efficientnet,16,9109994.0,10,float16,0.010961547493934631,0.0035078614950180055,0.8890606477856636,0.9035300567746163,0.8925685092806817
29,efficientnet_b2,efficientnet,32,9109994.0,10,float16,0.005744479596614838,0.003415472060441971,0.8705520935356617,0.8797120451927185,0.8739675655961037
30,efficientnet_b2,efficientnet,64,9109994.0,10,float16,0.0029595304280519486,0.0035104140639305114,0.522649509459734,0.5291194539517164,0.5261599235236645
31,efficientnet_b2,efficientnet,16,9109994.0,10,float32,0.011162520945072174,0.006227187812328339,0.6276900619268417,0.6450797706842423,0.6339172497391701
32,efficientnet_b2,efficientnet,32,9109994.0,10,float32,0.005445995926856994,0.006959893554449081,0.3702448934316635,0.3826507829129696,0.3772047869861126
33,efficientnet_b2,efficientnet,64,9109994.0,10,float32,0.002850399166345596,0.0067911334335803986,0.23102718107402326,0.24066871367394926,0.23781831450760366
34,efficientnet_b2,efficientnet,16,9109994.0,10,float64,0.012259288132190705,0.006487302482128143,0.02007904350757599,0.03882563412189484,0.026566345989704133
35,efficientnet_b2,efficientnet,32,9109994.0,10,float64,0.007541789114475251,0.0064308948814868925,0.01299104318022728,0.026963727176189424,0.01942193806171417
36,efficientnet_b2,efficientnet,64,9109994.0,10,float64,0.0031762219965457915,0.006679233908653259,0.005748976767063141,0.015604432672262192,0.0124282106757164
37,efficientnet_b3,efficientnet,16,12233232.0,10,bfloat16,0.018260249495506288,0.00329512357711792,0.845273694396019,0.8668290674686432,0.8485688179731369
38,efficientnet_b3,efficientnet,32,12233232.0,10,bfloat16,0.006708650290966034,0.0031676806509494783,0.5696236491203308,0.5794999800622463,0.5727913297712803
39,efficientnet_b3,efficientnet,64,12233232.0,10,bfloat16,0.003143005445599556,0.0030806545168161393,0.3526570923626423,0.358880752325058,0.35573774687945847
40,efficientnet_b3,efficientnet,16,12233232.0,10,float16,0.013404446840286254,0.003729155659675598,0.9448428317904473,0.9619764342904091,0.9485719874501228
41,efficientnet_b3,efficientnet,32,12233232.0,10,float16,0.00636453852057457,0.0035411126911640166,0.92091119363904,0.9308168448507785,0.9244523063302039
42,efficientnet_b3,efficientnet,64,12233232.0,10,float16,0.0033627737313508986,0.0033552803099155424,0.5540205635130405,0.5607386175543069,0.557375843822956
43,efficientnet_b3,efficientnet,16,12233232.0,10,float32,0.012808728218078613,0.0061195030808448795,0.6785579189658165,0.69748615026474,0.6846774220466614
44,efficientnet_b3,efficientnet,32,12233232.0,10,float32,0.006714430451393127,0.005990376323461532,0.4083262406289577,0.4210310474038124,0.4143166169524193
45,efficientnet_b3,efficientnet,64,12233232.0,10,float32,0.003229202702641487,0.006785806640982628,0.25626596957445147,0.26628097891807556,0.2630517762154341
46,efficientnet_b3,efficientnet,16,12233232.0,10,float64,0.013916654884815216,0.006417618691921234,0.023621118068695067,0.04395539164543152,0.030038736760616302
47,efficientnet_b3,efficientnet,32,12233232.0,10,float64,0.007731818407773971,0.006418808549642563,0.013125920295715332,0.027276547253131864,0.019544728845357896
48,efficientnet_b3,efficientnet,64,12233232.0,10,float64,0.0040362771600484845,0.0069490309804677965,0.007046420872211456,0.018031729012727735,0.013995451852679253
49,efficientnet_b4,efficientnet,16,19341616.0,10,bfloat16,0.01751864105463028,0.0033285707235336305,0.9498251542448998,0.9706723660230637,0.9531537249684334
50,efficientnet_b4,efficientnet,32,19341616.0,10,bfloat16,0.00858040265625,0.0034720862217149802,0.5571940525698779,0.5692465414478429,0.5606661387915929
51,efficientnet_b4,efficientnet,64,19341616.0,10,bfloat16,0.004200742393732071,0.004174745082855225,0.3979543697088957,0.406329857185483,0.4021291147917509
52,efficientnet_b4,efficientnet,16,19341616.0,10,float16,0.017218968272209166,0.003538408875465393,1.0734214916825295,1.094178868830204,1.0769599005579948
53,efficientnet_b4,efficientnet,32,19341616.0,10,float16,0.008507170528173447,0.003387076407670975,0.9996565364301204,1.0115507833659647,1.0030436128377913
54,efficientnet_b4,efficientnet,64,19341616.0,10,float16,0.002432810515165329,0.0035940587520599367,0.009407325461506844,0.015434194728732111,0.01300138421356678
55,efficientnet_b4,efficientnet,16,19341616.0,10,float32,0.015925510227680205,0.006213502585887909,0.7733809381723404,0.7955199509859086,0.7795944407582284
56,efficientnet_b4,efficientnet,32,19341616.0,10,float32,0.011290125548839569,0.007177948206663132,0.46322120130062105,0.48168927505612374,0.4703991495072842
57,efficientnet_b4,efficientnet,64,19341616.0,10,float32,0.004154582321643829,0.0069857299327850345,0.29054898805916307,0.3016893003135919,0.2975347179919481
58,efficientnet_b4,efficientnet,16,19341616.0,10,float64,0.016366906464099884,0.006716185808181762,0.027523091435432433,0.05060618370771408,0.0342392772436142
59,efficientnet_b4,efficientnet,32,19341616.0,10,float64,0.008820129185914993,0.006427138298749924,0.014721741527318954,0.02996900901198387,0.02114887982606888
60,efficientnet_b4,efficientnet,64,19341616.0,10,float64,0.004494431987404823,0.00681876614689827,0.008248156309127808,0.0195613544434309,0.015066922456026078
61,mobilenetv2_100,misc,16,3504872.0,10,bfloat16,0.005379149317741394,0.00332358181476593,0.39479820877313615,0.4035009399056435,0.3981217905879021
62,mobilenetv2_100,misc,32,3504872.0,10,bfloat16,0.002639954537153244,0.003177987039089203,0.2635195255279541,0.2693374671041966,0.2666975125670433
63,mobilenetv2_100,misc,64,3504872.0,10,bfloat16,0.0014693345874547958,0.00314195342361927,0.16141903549432754,0.16603032350540162,0.16456098891794682
64,mobilenetv2_100,misc,16,3504872.0,10,float16,0.006076456606388092,0.003616710007190704,0.4909662947058678,0.5006594613194466,0.4945830047130585
65,mobilenetv2_100,misc,32,3504872.0,10,float16,0.003029913455247879,0.003557046502828598,0.3278669252991676,0.3344538852572441,0.33142397180199623
66,mobilenetv2_100,misc,64,3504872.0,10,float16,0.0013065576553344727,0.003479195758700371,0.1951969973742962,0.19998275078833103,0.19867619313299656
67,mobilenetv2_100,misc,16,3504872.0,10,float32,0.005156423151493073,0.0063272729516029354,0.3251351907849312,0.3366188868880272,0.33146246373653415
68,mobilenetv2_100,misc,32,3504872.0,10,float32,0.0028842434287071226,0.006369126588106155,0.20286512970924378,0.21211849972605706,0.20923425629734993
69,mobilenetv2_100,misc,64,3504872.0,10,float32,0.0013853240758180617,0.006407341361045838,0.1216374009847641,0.129430066421628,0.12804474234580993
70,mobilenetv2_100,misc,16,3504872.0,10,float64,0.00521058589220047,0.006244443356990814,0.010453717410564422,0.021908746659755708,0.016698160767555238
71,mobilenetv2_100,misc,32,3504872.0,10,float64,0.002970653772354126,0.006187994033098221,0.006723666191101074,0.01588231399655342,0.012911660224199295
72,mobilenetv2_100,misc,64,3504872.0,10,float64,0.0012660279870033264,0.006718721985816955,0.003068063408136368,0.01105281338095665,0.009786785393953324
73,nasnetalarge,misc,16,88753150.0,10,bfloat16,0.033238758146762845,0.0033559784293174743,1.7157181993126869,1.7523129358887672,1.7190741777420044
74,nasnetalarge,misc,32,88753150.0,10,bfloat16,0.016557206958532335,0.003163951635360718,1.2696376003324985,1.2893587589263915,1.2728015519678593
75,nasnetalarge,misc,64,88753150.0,10,bfloat16,0.008827709406614304,0.0030872177332639692,0.6070199448615312,0.6189348720014094,0.6101071625947951
76,nasnetalarge,misc,16,88753150.0,10,float16,0.037894067168235776,0.0035701319575309753,1.9743366569280625,2.015800856053829,1.9779067888855935
77,nasnetalarge,misc,32,88753150.0,10,float16,0.01548784226179123,0.0034192316234111786,1.496634315699339,1.5155413895845413,1.50005354732275
78,nasnetalarge,misc,64,88753150.0,10,float16,0.00826297253370285,0.003363227844238281,0.755831190571189,0.7674573909491301,0.7591944184154272
79,nasnetalarge,misc,16,88753150.0,10,float32,0.011046402052056951,0.021073032170534134,1.6680388036024918,1.7001582378250828,1.689111835773026
80,nasnetalarge,misc,32,88753150.0,10,float32,0.011607440561056137,0.006301353126764298,0.8679319754242897,0.8858407691121101,0.874233328551054
81,nasnetalarge,misc,64,88753150.0,10,float32,0.009418177232146264,0.007385839521884918,0.4821370609104633,0.4989410776644945,0.48952290043234825
82,nasnetalarge,misc,16,88753150.0,10,float64,0.032487744092941286,0.006327398121356964,0.37132327556610106,0.41013841778039933,0.377650673687458
83,nasnetalarge,misc,32,88753150.0,10,float64,0.01792438104748726,0.006719999015331268,0.046571378409862516,0.07121575847268105,0.053291377425193784
84,nasnetalarge,misc,64,88753150.0,10,float64,0.00929252728819847,0.0068430062383413315,0.024976719915866853,0.041112253442406654,0.03181972615420818
85,resnet101,resnet,16,44549160.0,10,bfloat16,0.015140318870544433,0.0032619863748550417,0.6353136152029037,0.6537159204483033,0.6385756015777588
86,resnet101,resnet,32,44549160.0,10,bfloat16,0.007224232703447342,0.003146865218877792,0.3464064419269562,0.35677753984928134,0.349553307145834
87,resnet101,resnet,64,44549160.0,10,bfloat16,0.003396613523364067,0.0031346961855888366,0.20245462618768215,0.20898593589663506,0.205589322373271
88,resnet101,resnet,16,44549160.0,10,float16,0.014153142273426057,0.003593064844608307,0.758831262588501,0.7765774697065353,0.7624243274331093
89,resnet101,resnet,32,44549160.0,10,float16,0.0075324192643165585,0.003599955886602402,0.43048748522996905,0.441619860380888,0.43408744111657144
90,resnet101,resnet,64,44549160.0,10,float16,0.0032454065978527067,0.00333036445081234,0.2422697961330414,0.24884556718170645,0.24560016058385373
91,resnet101,resnet,16,44549160.0,10,float32,0.014330942928791047,0.006354081630706787,0.5565178990364075,0.5772029235959053,0.5628719806671143
92,resnet101,resnet,32,44549160.0,10,float32,0.007013710588216782,0.006021525710821152,0.29671008363366125,0.30974531993269916,0.3027316093444824
93,resnet101,resnet,64,44549160.0,10,float32,0.0035806871950626374,0.006429727748036384,0.16576548367738725,0.17577589862048626,0.17219521142542363
94,resnet101,resnet,16,44549160.0,10,float64,0.008186941653490097,0.00623617172241211,0.019107264876365663,0.033530378252267866,0.025343436598777774
95,resnet101,resnet,32,44549160.0,10,float64,0.0026548571884632112,0.006243085861206055,0.01236613243818283,0.0212640754878521,0.018609218299388885
96,resnet101,resnet,64,44549160.0,10,float64,0.0027347922325134276,0.006866106763482094,0.007045384496450424,0.016646283492445946,0.013911491259932518
97,resnet152,resnet,16,60192808.0,10,bfloat16,0.02068045884370804,0.003343971073627472,0.7323443487286567,0.7563687786459923,0.7356883198022842
98,resnet152,resnet,32,60192808.0,10,bfloat16,0.01037297248840332,0.0031907670199871063,0.3982370443642139,0.4118007838726043,0.401427811384201
99,resnet152,resnet,64,60192808.0,10,bfloat16,0.005498986244201661,0.0031578835099935532,0.24599352218210696,0.2546503919363022,0.2491514056921005
100,resnet152,resnet,16,60192808.0,10,float16,0.01835455447435379,0.0035463884472846986,0.8675298988819122,0.8894308418035507,0.871076287329197
101,resnet152,resnet,32,60192808.0,10,float16,0.010492148250341416,0.0034839607775211333,0.49089909344911575,0.5048752024769783,0.49438305422663686
102,resnet152,resnet,64,60192808.0,10,float16,0.005814257264137268,0.0036595389246940613,0.28108617924153806,0.2905599754303694,0.2847457181662321
103,resnet152,resnet,16,60192808.0,10,float32,0.01987561583518982,0.006318727135658264,0.6416964709758759,0.667890813946724,0.6480151981115342
104,resnet152,resnet,32,60192808.0,10,float32,0.010569468140602112,0.006078607589006424,0.3423310831189156,0.3589791588485241,0.348409690707922
105,resnet152,resnet,64,60192808.0,10,float32,0.0056092444807291034,0.006362433359026909,0.19170192815363407,0.2036736059933901,0.198064361512661
106,resnet152,resnet,16,60192808.0,10,float64,0.020159660279750823,0.006587715446949005,0.03647605925798416,0.06322343498468398,0.043063774704933167
107,resnet152,resnet,32,60192808.0,10,float64,0.011934749037027358,0.006542360037565231,0.02204306498169899,0.04052017405629158,0.02858542501926422
108,resnet152,resnet,64,60192808.0,10,float64,0.0054477501660585405,0.006692091375589371,0.010799812152981758,0.02293965369462967,0.017491903528571127
109,resnet18,resnet,16,11689512.0,10,bfloat16,0.0034588441252708436,0.0033284887671470643,0.44479693919420243,0.4515842720866204,0.4481254279613495
110,resnet18,resnet,32,11689512.0,10,bfloat16,0.0015454739332199097,0.003137525916099548,0.2336869567632675,0.23836995661258698,0.23682448267936707
111,resnet18,resnet,64,11689512.0,10,bfloat16,0.0007582571357488632,0.003106417506933212,0.13453982770442963,0.1384045023471117,0.13764624521136284
112,resnet18,resnet,16,11689512.0,10,float16,0.0035979166626930238,0.0036146119236946106,0.5561318516731262,0.5633443802595138,0.5597464635968208
113,resnet18,resnet,32,11689512.0,10,float16,0.0017328105866909027,0.003400220721960068,0.2926312193274498,0.29776425063610074,0.29603144004940984
114,resnet18,resnet,64,11689512.0,10,float16,0.0007433380931615829,0.003368447348475456,0.15723200142383575,0.1613437868654728,0.16060044877231122
115,resnet18,resnet,16,11689512.0,10,float32,0.002916298806667328,0.006164854764938355,0.4024046376347542,0.41148579120635986,0.40856949239969254
116,resnet18,resnet,32,11689512.0,10,float32,0.0015098489820957184,0.006139279901981353,0.2072840467095375,0.21493317559361458,0.21342332661151886
117,resnet18,resnet,64,11689512.0,10,float32,0.000761561468243599,0.006597460061311722,0.10567277260124683,0.11303179413080215,0.11227023266255855
118,resnet18,resnet,16,11689512.0,10,float64,0.0032083958387374876,0.006272803246974945,0.005920034646987915,0.015401233732700349,0.01219283789396286
119,resnet18,resnet,32,11689512.0,10,float64,0.0012819424271583557,0.006154450029134751,0.002683395892381668,0.010119788348674774,0.00883784592151642
120,resnet18,resnet,64,11689512.0,10,float64,0.0008374515920877457,0.006520599871873855,0.0016749229282140732,0.009032974392175675,0.008195522800087928
121,resnet26,resnet,16,15995176.0,10,bfloat16,0.004377727210521698,0.003347623348236084,0.4755619063973427,0.4832872569561005,0.47890952974557877
122,resnet26,resnet,32,15995176.0,10,bfloat16,0.0022168032824993133,0.0031220152974128722,0.26374094262719155,0.2690797612071037,0.2668629579246044
123,resnet26,resnet,64,15995176.0,10,bfloat16,0.0010238897055387497,0.0030725497752428057,0.14806340560317038,0.15215984508395192,0.15113595537841318
124,resnet26,resnet,16,15995176.0,10,float16,0.004003988206386566,0.003821168839931488,0.5841930106282234,0.5920181676745414,0.5880141794681548
125,resnet26,resnet,32,15995176.0,10,float16,0.0020271003246307372,0.0034203946590423582,0.3222575716674328,0.3277050666511059,0.32567796632647517
126,resnet26,resnet,64,15995176.0,10,float16,0.001081131398677826,0.003350667655467987,0.17502548843622207,0.17945728749036788,0.17837615609169005
127,resnet26,resnet,16,15995176.0,10,float32,0.003936462104320526,0.006233930587768555,0.41853492707014084,0.4287053197622299,0.4247688576579094
128,resnet26,resnet,32,15995176.0,10,float32,0.0018594734370708465,0.006125587970018387,0.21778568103909493,0.22577074244618417,0.22391126900911332
129,resnet26,resnet,64,15995176.0,10,float32,0.000994458794593811,0.0064000595360994336,0.11534850820899009,0.12274302653968333,0.12174856774508952
130,resnet26,resnet,16,15995176.0,10,float64,0.003913325071334839,0.006318427622318268,0.007026706635951996,0.017258459329605104,0.013345134258270264
131,resnet26,resnet,32,15995176.0,10,float64,0.0019949764013290406,0.006195252388715744,0.0036480545997619627,0.011838283389806747,0.009843306988477706
132,resnet26,resnet,64,15995176.0,10,float64,0.0009965304285287856,0.006757481396198273,0.002161286398768425,0.009915298223495484,0.008918767794966698
133,resnet34,resnet,16,21797672.0,10,bfloat16,0.0049733415246009825,0.0032741159200668337,0.5307839468121529,0.5390314042568207,0.5340580627322198
134,resnet34,resnet,32,21797672.0,10,bfloat16,0.002382882684469223,0.003138270229101181,0.28107217103242876,0.2865933239459992,0.28421044126152994
135,resnet34,resnet,64,21797672.0,10,bfloat16,0.0012926619499921798,0.003105451166629791,0.1848516508936882,0.18924976401031018,0.18795710206031802
136,resnet34,resnet,16,21797672.0,10,float16,0.005266039073467255,0.003630600869655609,0.617701706290245,0.6265983462333679,0.6213323071599006
137,resnet34,resnet,32,21797672.0,10,float16,0.002585712820291519,0.0033958002924919127,0.33485625460743906,0.3408377677202225,0.338252054899931
138,resnet34,resnet,64,21797672.0,10,float16,0.0012320972979068755,0.003347659856081009,0.20311440154910088,0.20769415870308877,0.2064620614051819
139,resnet34,resnet,16,21797672.0,10,float32,0.005527763068675995,0.006174728274345398,0.4613425090909004,0.4730450004339218,0.4675172373652458
140,resnet34,resnet,32,21797672.0,10,float32,0.0026368334889411925,0.006148432195186615,0.2416440173983574,0.2504292830824852,0.24779244959354402
141,resnet34,resnet,64,21797672.0,10,float32,0.001212834194302559,0.006459382548928261,0.1365000642836094,0.1441722810268402,0.14295944683253764
142,resnet34,resnet,16,21797672.0,10,float64,0.004970231652259826,0.006371359527111054,0.009189461171627045,0.020531052350997926,0.015560820698738098
143,resnet34,resnet,32,21797672.0,10,float64,0.0028847478330135345,0.00625053197145462,0.005989883840084076,0.01512516364455223,0.012240415811538695
144,resnet34,resnet,64,21797672.0,10,float64,0.0013693511486053468,0.0067463450133800505,0.0029058333486318587,0.011021529510617255,0.00965217836201191
145,resnet50,resnet,16,25557032.0,10,bfloat16,0.007349222898483276,0.0033223509788513185,0.5218057408928871,0.5324773147702218,0.5251280918717385
146,resnet50,resnet,32,25557032.0,10,bfloat16,0.0038535647094249726,0.0031579725444316866,0.29136567935347557,0.29837721660733224,0.29452365189790725
147,resnet50,resnet,64,25557032.0,10,bfloat16,0.001783178746700287,0.0031013157218694686,0.16690062656998633,0.1717851210385561,0.1700019422918558
148,resnet50,resnet,16,25557032.0,10,float16,0.007605177164077759,0.0035970956087112427,0.6425110995769501,0.653713372349739,0.6461081951856613
149,resnet50,resnet,32,25557032.0,10,float16,0.0037570752203464506,0.0033797547221183777,0.35984346717596055,0.3669802971184254,0.36322322189807893
150,resnet50,resnet,64,25557032.0,10,float16,0.0020686075091362,0.00336383618414402,0.2004827167838812,0.2059151604771614,0.2038465529680252
151,resnet50,resnet,16,25557032.0,10,float32,0.007861830294132233,0.006119102239608765,0.46444480419158934,0.47842573672533034,0.4705639064311981
152,resnet50,resnet,32,25557032.0,10,float32,0.0033782511949539185,0.006118327379226685,0.24127889946103095,0.25077547803521155,0.24739722684025764
153,resnet50,resnet,64,25557032.0,10,float32,0.0017397832125425339,0.006407005339860916,0.13680655173957348,0.14495334029197693,0.1432135570794344
154,resnet50,resnet,16,25557032.0,10,float64,0.007205432653427124,0.00640595406293869,0.014596459269523621,0.02820784598588944,0.021002413332462312
155,resnet50,resnet,32,25557032.0,10,float64,0.0030685625970363617,0.006182052195072174,0.006366525590419769,0.015617140382528306,0.012548577785491944
156,resnet50,resnet,64,25557032.0,10,float64,0.0018260300159454346,0.006573305279016495,0.003930168226361275,0.012329503521323204,0.01050347350537777
157,vgg11,vgg,16,132863336.0,10,bfloat16,0.0002864822745323181,0.0032091379165649415,0.02722780704498291,0.03072342723608017,0.030436944961547852
158,vgg11,vgg,32,132863336.0,10,bfloat16,0.00011741071939468384,0.003117889165878296,0.022572185099124908,0.025807484984397888,0.025690074265003204
159,vgg11,vgg,64,132863336.0,10,bfloat16,4.833899438381195e-05,0.0031234756112098693,0.012912462651729583,0.016084277257323264,0.01603593826293945
160,vgg11,vgg,16,132863336.0,10,float16,0.00022879689931869506,0.003505246341228485,0.03152309954166412,0.0352571427822113,0.03502834588289261
161,vgg11,vgg,32,132863336.0,10,float16,0.00012989342212677002,0.0035236962139606476,0.028642749041318895,0.03229633867740631,0.03216644525527954
162,vgg11,vgg,64,132863336.0,10,float16,6.865337491035461e-05,0.003436706215143204,0.01587893143296242,0.019384291023015976,0.01931563764810562
163,vgg11,vgg,16,132863336.0,10,float32,0.00022256821393966674,0.006149782240390778,0.026463769376277924,0.03283611983060837,0.0326135516166687
164,vgg11,vgg,32,132863336.0,10,float32,0.00010929033160209656,0.0060161642730236055,0.016208770126104353,0.022334224730730056,0.022224934399127958
165,vgg11,vgg,64,132863336.0,10,float32,5.6527182459831236e-05,0.006479606404900551,0.009382375702261924,0.015918509289622306,0.015861982107162477
166,vgg11,vgg,16,132863336.0,10,float64,0.00024183988571166993,0.006264631450176239,0.001735854148864746,0.008242325484752655,0.008000485599040985
167,vgg11,vgg,32,132863336.0,10,float64,0.00013952404260635375,0.006185787916183472,0.0014307186007499694,0.007756030559539795,0.007616506516933441
168,vgg11,vgg,64,132863336.0,10,float64,5.4688379168510434e-05,0.006478852406144142,0.0011469751596450805,0.0076805159449577325,0.007625827565789223
169,vgg13,vgg,16,133047848.0,10,bfloat16,0.00021545886993408204,0.0032533138990402223,0.031442730128765105,0.034911502897739415,0.03469604402780533
170,vgg13,vgg,32,133047848.0,10,bfloat16,0.00011927485466003417,0.0030609384179115296,0.024964816123247146,0.02814502939581871,0.028025754541158677
171,vgg13,vgg,64,133047848.0,10,bfloat16,8.138418197631836e-05,0.0031344730406999586,0.015132705494761468,0.018348562717437743,0.018267178535461427
172,vgg13,vgg,16,133047848.0,10,float16,0.00025661736726760863,0.0035184487700462342,0.05758469998836517,0.06135976612567901,0.061103148758411406
173,vgg13,vgg,32,133047848.0,10,float16,0.00011930018663406373,0.003488391637802124,0.03145790845155716,0.03506560027599335,0.03494630008935928
174,vgg13,vgg,64,133047848.0,10,float16,6.003454327583313e-05,0.0034539394080638887,0.01954871267080307,0.02306268662214279,0.023002652078866957
175,vgg13,vgg,16,133047848.0,10,float32,0.00023679137229919433,0.005970226228237152,0.02926478087902069,0.03547179847955704,0.03523500710725784
176,vgg13,vgg,32,133047848.0,10,float32,0.00013544261455535888,0.006028828769922256,0.018618376553058626,0.02478264793753624,0.024647205322980884
177,vgg13,vgg,64,133047848.0,10,float32,5.399882793426514e-05,0.006415773183107376,0.010995370522141456,0.017465142533183098,0.017411143705248832
178,vgg13,vgg,16,133047848.0,10,float64,0.00023714601993560792,0.0060754850506782535,0.00250350683927536,0.008816137909889221,0.008578991889953614
179,vgg13,vgg,32,133047848.0,10,float64,0.00011526942253112794,0.006112760305404663,0.002085140347480774,0.008313170075416565,0.008197900652885438
180,vgg13,vgg,64,133047848.0,10,float64,9.07454639673233e-05,0.006825387105345726,0.00190538689494133,0.00882151946425438,0.008730774000287055
181,vgg16,vgg,16,138357544.0,10,bfloat16,0.0009351760149002075,0.0032608076930046082,0.03366089016199112,0.03785687386989594,0.03692169785499573
182,vgg16,vgg,32,138357544.0,10,bfloat16,0.00011265352368354798,0.003058098256587982,0.02573411539196968,0.02890486717224121,0.028792213648557663
183,vgg16,vgg,64,138357544.0,10,bfloat16,7.359907031059265e-05,0.0031260866671800613,0.01545044630765915,0.018650132045149804,0.01857653297483921
184,vgg16,vgg,16,138357544.0,10,float16,0.0002414897084236145,0.003483361005783081,0.05892658531665802,0.06265143603086472,0.0624099463224411
185,vgg16,vgg,32,138357544.0,10,float16,0.0001345813274383545,0.0035073839128017424,0.033308155834674835,0.03695012107491493,0.036815539747476575
186,vgg16,vgg,64,138357544.0,10,float16,5.568191409111023e-05,0.0033979494124650954,0.019070439413189887,0.02252407073974609,0.02246838882565498
187,vgg16,vgg,16,138357544.0,10,float32,0.00025171488523483275,0.006106911599636078,0.028552356362342834,0.034910982847213744,0.034659267961978914
188,vgg16,vgg,32,138357544.0,10,float32,0.00010662302374839783,0.006024119257926941,0.0194804847240448,0.02561122700572014,0.02550460398197174
189,vgg16,vgg,64,138357544.0,10,float32,6.465427577495575e-05,0.0063925269991159436,0.0112063430249691,0.017663524299859998,0.017598870024085042
190,vgg16,vgg,16,138357544.0,10,float64,0.0002407550811767578,0.006053400039672851,0.0029225915670394896,0.009216746687889098,0.008975991606712341
191,vgg16,vgg,32,138357544.0,10,float64,0.00013053789734840393,0.006207479536533356,0.0025054238736629485,0.008843441307544709,0.008712903410196305
192,vgg16,vgg,64,138357544.0,10,float64,5.599036812782287e-05,0.00656479224562645,0.002276764437556267,0.00889754705131054,0.008841556683182716
193,vgg19,vgg,16,143667240.0,10,bfloat16,0.00023073405027389525,0.0032027557492256163,0.03480046391487122,0.03823395371437072,0.03800321966409683
194,vgg19,vgg,32,143667240.0,10,bfloat16,0.0001225009560585022,0.0031353637576103212,0.02628955468535423,0.029547419399023053,0.029424918442964552
195,vgg19,vgg,64,143667240.0,10,bfloat16,6.0506537556648256e-05,0.003084326907992363,0.01633688434958458,0.01948171779513359,0.019421211257576943
196,vgg19,vgg,16,143667240.0,10,float16,0.00024297982454299927,0.0034986749291419984,0.061906281113624576,0.06564793586730958,0.06540495604276657
197,vgg19,vgg,32,143667240.0,10,float16,0.00013221204280853272,0.0035177819430828095,0.03315989598631859,0.036809889972209936,0.0366776779294014
198,vgg19,vgg,64,143667240.0,10,float16,7.120631635189056e-05,0.003458669036626816,0.019346272572875023,0.02287614792585373,0.02280494160950184
199,vgg19,vgg,16,143667240.0,10,float32,0.0002683594822883606,0.00615483671426773,0.03132625073194504,0.03774944692850113,0.03748108744621277
200,vgg19,vgg,32,143667240.0,10,float32,0.00015392526984214783,0.006063776463270188,0.019707465171813966,0.0259251669049263,0.025771241635084152
201,vgg19,vgg,64,143667240.0,10,float32,5.830414593219757e-05,0.00644676610827446,0.011893457174301148,0.018398527428507803,0.018340223282575608
202,vgg19,vgg,16,143667240.0,10,float64,0.0002368927001953125,0.006163547933101654,0.003277215361595154,0.00967765599489212,0.009440763294696808
203,vgg19,vgg,32,143667240.0,10,float64,0.00011473521590232849,0.006259446591138839,0.002852323651313782,0.00922650545835495,0.009111770242452622
204,vgg19,vgg,64,143667240.0,10,float64,6.705783307552338e-05,0.006551925092935562,0.0026508118957281114,0.009269794821739197,0.009202736988663673
205,xception,misc,16,22855952.0,10,bfloat16,0.006908273696899414,0.0032930076122283936,0.9827180847525596,0.9929193660616874,0.986011092364788
206,xception,misc,32,22855952.0,10,bfloat16,0.0033738270401954653,0.003147668391466141,0.48852476850152016,0.49504626393318174,0.4916724368929863
207,xception,misc,64,22855952.0,10,bfloat16,0.0016587279736995698,0.0030833035707473755,0.188807912170887,0.19354994371533393,0.19189121574163437
208,xception,misc,16,22855952.0,10,float16,0.007202653586864472,0.003529539704322815,0.6092575296759606,0.6199897229671478,0.6127870693802834
209,xception,misc,32,22855952.0,10,float16,0.006074719130992889,0.003462506830692291,0.3624029144644737,0.37194014042615886,0.36586542129516597
210,xception,misc,64,22855952.0,10,float16,0.0016676466912031174,0.0033281590789556504,0.22729507125914097,0.23229087702929974,0.23062323033809662
211,xception,misc,16,22855952.0,10,float32,0.007646776735782623,0.006191380321979523,0.6241128861904144,0.6379510432481765,0.6303042665123939
212,xception,misc,32,22855952.0,10,float32,0.0037344343960285186,0.006076895445585251,0.35657701194286345,0.3663883417844772,0.3626539073884487
213,xception,misc,64,22855952.0,10,float32,0.001854924112558365,0.006394236162304878,0.15164176188409328,0.15989092215895653,0.15803599804639817
214,xception,misc,16,22855952.0,10,float64,0.006575001776218415,0.006420738995075226,0.011416782438755036,0.02441252321004868,0.017837521433830262
215,xception,misc,32,22855952.0,10,float64,0.003557343780994415,0.006154210120439529,0.006563799083232879,0.016275352984666824,0.012718009203672408
216,xception,misc,64,22855952.0,10,float64,0.0024036718904972077,0.005577105060219765,0.0040631495416164395,0.012043926492333412,0.009640254601836203
